,MuonEnergy,RecoE
0,877.585,821.641
1,798.416,834.524
2,1103.940,852.043
3,776.059,892.633
4,898.978,775.315
5,806.894,815.863
6,934.594,900.671
7,922.639,945.699
8,1194.220,878.538
9,1069.590,1016.544
10,1266.090,928.981
11,1223.890,770.155
12,639.449,742.848
13,674.054,711.296
14,689.169,722.678
15,893.145,993.076
16,1009.140,969.349
17,574.783,745.087
18,873.892,973.146
19,832.880,832.087
20,1115.930,703.722
21,546.186,764.015
22,952.141,981.211
23,1100.100,838.914
24,540.963,856.724
25,1139.960,851.292
26,1104.980,747.170
27,618.327,764.173
28,816.544,987.793
29,813.860,732.337
30,593.541,671.218
31,704.865,744.936
32,709.625,780.110
33,1211.970,1001.517
34,1075.980,865.108
35,1082.260,809.162
36,1082.680,1006.251
37,1222.190,848.653
38,601.043,804.220
39,1106.270,819.066
40,781.059,796.391
41,1155.300,819.499
42,856.485,870.743
43,819.049,813.937
44,897.993,807.472
45,831.285,848.565
46,678.899,888.284
47,714.741,955.495
48,1471.660,902.401
49,1037.270,891.819
50,786.880,931.940
51,743.756,876.692
52,910.911,758.122
53,1271.660,874.090
54,683.960,670.321
55,768.137,796.704
56,1134.370,958.417
57,595.159,626.001
58,586.506,786.208
59,1015.660,922.538
60,893.044,885.521
61,622.617,730.944
62,988.341,779.675
63,715.478,821.402
64,1153.300,887.263
65,656.295,732.079
66,745.614,981.015
67,741.308,975.617
68,768.396,908.536
69,712.091,828.282
70,664.796,891.494
71,891.853,862.147
72,909.031,950.724
73,699.074,695.878
74,1255.210,885.581
75,734.292,839.042
76,1214.260,881.600
77,816.081,866.389
78,719.256,1047.790
79,648.999,855.278
80,945.564,739.451
81,696.879,940.334
82,903.116,871.432
83,1230.940,1062.915
84,646.534,750.082
85,1093.470,1020.111
86,899.615,668.106
87,1033.080,1055.308
88,690.160,869.592
89,1144.580,811.990
90,851.921,900.969
91,877.447,813.008
92,699.556,945.080
93,1119.790,739.349
94,1111.240,746.398
95,882.133,894.870
96,1135.330,1053.249
97,769.395,696.635
98,1211.970,853.363
99,691.124,832.772
100,1028.610,818.532
101,1082.760,936.325
102,869.062,1023.225
103,854.105,1060.196
104,792.252,853.223
105,829.376,797.427
106,873.676,869.169
107,894.025,962.094
108,964.926,954.510
109,784.550,799.574
110,774.721,756.220
111,735.258,905.569
112,573.473,715.201
113,635.699,853.445
114,912.586,965.587
115,966.340,853.461
116,716.962,909.077
117,844.370,767.368
118,825.283,859.774
119,740.032,882.158
120,839.031,910.687
121,798.727,872.991
122,803.092,814.985
123,724.451,749.695
124,850.696,1001.569
125,1012.460,889.715
126,1083.210,838.239
127,1214.610,801.580
128,1117.510,856.426
129,1149.770,866.187
130,614.407,913.402
131,867.398,875.034
132,787.084,1078.227
133,1057.020,996.101
134,773.411,765.732
135,829.095,857.716
136,1006.390,859.172
137,1084.440,764.206
138,926.689,901.001
139,1178.670,1051.284
140,1153.850,845.504
141,744.511,863.852
142,939.120,749.381
143,844.134,920.807
144,665.910,760.638
145,805.856,786.623
146,1167.290,916.620
147,876.669,882.184
148,585.405,819.668
149,490.102,669.852
150,1165.380,824.526
151,691.331,893.254
152,698.212,703.371
153,692.542,798.281
154,1049.280,935.551
155,1153.810,966.276
156,1104.170,949.186
157,868.328,990.803
158,795.321,879.767
159,1129.260,747.959
160,787.195,900.270
161,1109.970,867.214
162,791.171,916.129
163,608.584,731.894
164,1200.730,1161.653
165,1187.080,786.740
166,854.007,810.886
167,797.127,860.336
168,702.398,773.295
169,689.515,775.430
170,834.012,823.573
171,994.759,867.425
172,808.885,937.465
173,842.800,755.906
174,879.099,883.224
175,762.189,760.016
176,865.931,947.784
177,1029.560,938.204
178,866.275,807.911
179,661.056,745.495
180,821.074,1102.992
181,1157.940,784.279
182,928.011,786.547
183,1166.570,1059.730
184,896.308,877.297
185,944.828,709.318
186,1052.490,811.233
187,705.298,934.413
188,888.154,877.649
189,963.125,829.700
190,929.739,959.803
191,602.263,824.288
192,1137.020,911.205
193,1041.530,860.378
194,635.572,811.240
195,895.565,975.612
196,515.652,753.780
197,795.053,709.060
198,797.345,830.048
199,529.213,804.215
200,695.649,878.106
201,1216.830,927.272
202,848.005,945.412
203,619.201,866.935
204,904.366,806.046
205,837.009,1009.360
206,957.189,954.531
207,961.070,957.838
208,665.928,789.273
209,714.103,804.273
210,1000.960,938.079
211,753.906,901.100
212,862.647,1037.592
213,684.698,715.926
214,1198.940,949.547
215,722.447,829.918
216,870.982,793.372
217,684.680,794.833
218,755.060,832.223
219,758.661,836.434
220,456.245,651.101
221,741.299,835.403
222,1079.740,685.477
223,1125.170,975.584
224,889.399,893.443
225,979.350,941.225
226,863.708,828.593
227,802.442,911.231
228,1142.540,929.799
229,704.990,1050.796
230,1109.000,921.065
231,765.092,798.497
232,1010.180,877.789
233,1137.420,919.825
234,710.335,746.537
235,790.172,852.188
236,1113.050,956.557
237,860.708,770.589
238,833.048,905.109
239,1152.590,970.817
240,896.835,815.321
241,780.125,869.963
242,684.708,695.466
243,938.473,917.200
244,639.474,754.268
245,1187.910,890.873
246,695.021,949.690
247,1033.410,879.996
248,791.051,883.144
249,813.383,1036.752
250,1169.030,980.309
251,726.845,1061.488
252,874.220,1063.705
253,905.935,747.506
254,742.843,852.069
255,1005.350,941.878
256,945.005,782.134
257,896.458,766.239
258,948.235,810.871
259,889.165,810.327
260,1012.020,993.791
261,876.661,871.038
262,1051.810,717.593
263,631.007,752.230
264,838.374,768.151
265,877.047,677.805
266,931.859,917.338
267,831.896,967.295
268,1094.180,1035.082
269,1365.280,986.901
270,866.323,983.909
271,982.428,866.266
272,576.392,849.050
273,792.453,603.269
274,832.301,923.917
275,1057.770,851.940
276,936.313,1017.130
277,1180.170,850.845
278,808.135,1010.398
279,988.867,856.620
280,1114.930,1072.885
281,766.847,1033.636
282,1019.360,1019.210
283,835.637,1083.939
284,695.172,1050.174
285,833.831,726.673
286,895.696,811.121
287,1251.710,997.210
288,936.914,835.778
289,975.695,913.726
290,1069.420,756.018
291,931.906,876.946
292,1108.640,997.434
293,968.719,895.334
294,679.093,785.120
295,739.497,973.109
296,960.277,872.281
297,915.825,887.223
298,772.427,730.143
299,641.753,802.826
300,661.854,863.426
301,845.504,742.330
302,902.955,898.835
303,496.209,993.308
304,617.250,847.093
305,629.739,792.401
306,569.378,808.562
307,515.444,894.699
308,753.224,897.298
309,848.389,1052.088
310,620.022,735.758
311,675.833,929.534
312,759.029,839.675
313,889.929,911.119
314,980.700,880.488
315,1001.410,848.285
316,1060.240,899.856
317,1206.130,799.452
318,948.011,876.752
319,778.309,929.939
320,927.452,823.397
321,896.978,822.061
322,674.017,908.295
323,915.928,840.275
324,945.607,1011.609
325,618.099,912.042
326,1115.940,766.396
327,736.055,811.413
328,616.517,930.545
329,804.780,978.968
330,801.033,896.933
331,639.384,803.995
332,854.085,768.270
333,653.771,888.575
334,605.879,801.005
335,716.008,1010.285
336,1217.190,967.217
337,805.623,783.326
338,888.295,843.857
339,850.821,951.129
340,1101.820,769.730
341,1045.700,990.584
342,996.769,739.532
343,768.817,890.219
344,1047.990,838.056
345,964.545,864.945
346,838.361,834.783
347,1012.120,849.191
348,973.117,1073.992
349,879.443,881.169
350,676.431,774.547
351,1131.670,1037.962
352,1181.720,824.140
353,586.456,836.311
354,1093.000,932.887
355,1072.710,923.671
356,847.160,840.771
357,768.976,828.375
358,456.708,941.534
359,582.381,975.062
360,1098.610,950.327
361,884.368,827.910
362,1028.350,1064.789
363,780.409,918.810
364,814.630,980.421
365,603.927,816.319
366,888.853,884.180
367,1143.080,853.872
368,664.378,792.652
369,930.783,796.809
370,1145.550,1005.063
371,718.628,804.841
372,912.458,1026.206
373,658.216,813.825
374,712.676,799.572
375,1146.860,873.043
376,956.962,784.639
377,908.924,888.552
378,1042.070,853.113
379,638.313,790.013
380,1009.010,892.746
381,977.708,799.730
382,638.346,725.273
383,1184.700,893.204
384,881.935,894.889
385,616.745,715.660
386,1176.380,962.330
387,1094.420,855.930
388,1002.460,846.036
389,1067.460,685.831
390,764.089,1043.323
391,1073.400,974.446
392,570.091,804.834
393,1135.490,880.914
394,617.320,838.442
395,727.151,871.893
396,1298.830,827.896
397,1207.150,1044.461
398,709.068,811.027
399,1229.170,974.550
400,1001.740,1051.592
401,928.836,972.650
402,703.617,801.134
403,802.269,900.897
404,893.406,892.602
405,957.718,838.189
406,769.248,861.986
407,913.365,830.349
408,973.051,1063.872
409,1080.020,878.181
410,1035.350,738.994
411,915.746,729.496
412,753.727,769.926
413,1171.270,831.088
414,1050.530,803.922
415,785.794,863.779
416,996.987,880.358
417,620.252,777.157
418,915.980,941.375
419,831.081,926.468
420,1010.560,875.554
421,714.423,754.282
422,910.225,829.721
423,618.346,932.249
424,758.590,710.238
425,779.642,680.092
426,946.936,829.617
427,1115.960,892.860
428,1253.820,883.311
429,900.534,855.482
430,650.362,838.738
431,1102.660,892.840
432,1042.920,883.412
433,791.656,868.653
434,649.440,799.915
435,1228.570,821.250
436,1166.460,847.438
437,840.483,801.631
438,1134.230,853.875
439,1042.190,896.334
440,782.124,805.833
441,1218.440,760.498
442,878.369,797.513
443,639.502,980.539
444,1120.590,988.337
445,1029.870,824.799
446,798.375,852.291
447,909.677,966.902
448,947.014,885.844
449,956.862,844.314
450,665.599,861.949
451,1024.640,805.686
452,997.997,914.376
453,724.476,820.151
454,737.904,785.048
455,766.766,753.723
456,746.086,874.090
457,1033.620,769.441
458,965.110,769.390
459,614.283,733.579
460,904.259,847.569
461,933.148,921.157
462,1066.990,891.130
463,717.163,753.576
464,1086.400,784.657
465,1003.040,923.908
466,625.984,770.737
467,991.037,722.059
468,790.799,999.453
469,728.088,704.820
470,986.776,869.436
471,938.142,1094.349
472,761.354,728.458
473,1366.290,829.534
474,671.570,742.625
475,655.638,952.845
476,996.041,897.226
477,1158.590,969.042
478,1086.580,929.111
479,1001.160,942.919
480,1265.340,815.591
481,814.456,1024.647
482,823.491,867.529
483,801.667,722.155
484,578.860,824.548
485,851.997,873.964
486,1039.610,907.367
487,1051.580,840.067
488,934.118,941.784
489,880.314,990.068
490,792.491,871.551
491,1229.680,931.018
492,868.973,1009.220
493,1202.670,947.392
494,901.658,896.445
495,952.733,818.783
496,857.614,808.469
497,654.920,721.199
498,739.199,947.230
499,992.397,776.242
500,653.165,849.380
501,695.265,743.245
502,974.431,781.001
503,744.506,733.256
504,1213.770,848.292
505,1001.230,725.005
506,559.659,748.134
507,850.525,845.881
508,971.152,768.926
509,623.339,695.158
510,1034.240,929.881
511,1015.920,890.189
512,1050.470,882.503
513,848.027,1001.195
514,915.888,856.885
515,897.727,755.004
516,972.283,1024.595
517,836.731,906.993
518,814.838,996.666
519,1094.200,889.538
520,1160.170,1041.975
521,918.622,837.673
522,1256.490,935.929
523,1139.240,893.709
524,945.562,904.611
525,780.014,773.860
526,838.584,1037.923
527,861.055,747.763
528,649.505,780.793
529,783.727,780.920
530,918.479,823.407
531,762.787,1097.355
532,530.071,890.662
533,911.829,826.018
534,654.920,721.199
535,671.997,717.628
536,1103.570,931.531
537,724.856,970.095
538,760.438,757.288
539,776.752,835.875
540,868.037,1054.632
541,695.845,894.215
542,675.664,774.717
543,645.986,786.089
544,1174.990,818.979
545,802.981,842.305
546,617.710,851.030
547,777.299,815.419
548,521.882,949.378
549,706.544,888.175
550,1038.440,850.421
551,869.965,743.599
552,1049.700,776.700
553,825.027,1003.250
554,841.635,976.265
555,631.075,740.947
556,1146.910,935.752
557,1127.810,1102.664
558,628.862,773.183
559,804.666,808.827
560,1294.760,929.076
561,845.151,823.472
562,804.410,812.390
563,917.345,878.222
564,736.563,997.021
565,1237.450,806.328
566,895.522,847.390
567,1066.500,908.195
568,1166.160,996.131
569,633.822,885.091
570,866.742,854.719
571,738.667,774.584
572,1018.000,960.932
573,890.860,904.669
574,741.159,933.907
575,935.298,687.287
576,831.196,1045.978
577,603.175,736.250
578,797.423,783.054
579,675.667,998.879
580,678.152,753.455
581,1005.420,898.461
582,887.857,867.972
583,667.082,892.157
584,786.248,904.348
585,782.098,840.689
586,639.445,893.969
587,631.706,683.012
588,567.405,801.858
589,575.511,1018.835
590,655.954,921.636
591,1052.520,864.375
592,850.782,799.102
593,1267.670,847.705
594,846.492,757.002
595,887.029,721.137
596,1001.390,891.496
597,1120.880,761.182
598,1148.830,739.940
599,1187.710,1028.678
600,820.655,789.084
601,1000.830,934.324
602,780.644,811.990
603,908.601,925.934
604,1232.250,817.188
605,881.032,685.478
606,1293.650,1033.116
607,731.610,781.692
608,745.796,888.010
609,900.331,752.462
610,790.918,865.061
611,1024.690,779.513
612,1100.480,809.860
613,655.445,741.547
614,1081.850,757.885
615,1170.790,932.519
616,1100.350,838.716
617,615.732,781.001
618,1059.690,948.413
619,607.004,829.678
620,661.415,934.961
621,727.508,744.080
622,570.970,785.793
623,869.837,699.405
624,827.479,865.929
625,999.320,932.648
626,1042.120,883.155
627,712.899,1068.547
628,969.289,1101.192
629,1071.920,927.060
630,992.319,782.329
631,854.421,1155.760
632,1206.980,863.059
633,862.380,1045.366
634,614.290,870.156
635,673.334,714.287
636,964.217,1004.470
637,741.561,840.861
638,756.021,868.808
639,839.012,827.423
640,822.344,898.501
641,806.988,874.724
642,888.370,743.080
643,1067.090,1026.564
644,595.584,794.503
645,1039.760,948.694
646,865.494,883.759
647,908.200,793.994
648,688.614,790.344
649,610.574,819.153
650,972.911,772.120
651,1231.590,861.946
652,838.102,934.186
653,559.659,748.134
654,850.525,845.881
655,1109.710,965.102
656,648.673,803.715
657,555.963,720.662
658,628.750,773.641
659,786.207,827.384
660,1275.850,931.434
661,844.333,884.197
662,569.400,827.051
663,1292.350,1063.186
664,1223.760,977.709
665,799.619,913.436
666,1062.070,779.831
667,615.354,759.610
668,861.622,770.644
669,718.420,716.778
670,669.489,1032.915
671,903.597,715.023
672,1086.250,868.400
673,1043.600,987.722
674,782.322,818.059
675,1185.820,1055.494
676,1150.640,1048.060
677,725.614,747.347
678,866.809,915.251
679,955.000,885.032
680,645.231,827.052
681,743.719,904.041
682,948.983,1047.772
683,1194.680,716.152
684,476.520,660.668
685,1086.550,917.588
686,1361.000,1073.184
687,782.195,779.179
688,1011.760,993.609
689,1026.910,925.822
690,1183.500,985.551
691,782.256,931.926
692,991.064,859.918
693,628.478,931.512
694,1341.280,902.102
695,665.185,829.568
696,1112.290,1008.427
697,719.572,788.048
698,823.759,874.380
699,748.876,864.411
700,1003.740,953.262
701,786.210,983.341
702,904.235,859.205
703,963.294,1043.812
704,768.817,890.219
705,1114.060,887.640
706,661.961,737.055
707,693.440,973.381
708,626.008,914.600
709,1072.560,1036.107
710,951.444,1010.731
711,584.647,1038.252
712,1216.080,924.043
713,879.021,1003.797
714,655.282,778.572
715,657.358,844.598
716,733.296,878.994
717,1070.510,855.020
718,1188.140,946.533
719,1028.870,780.086
720,679.240,803.414
721,1073.800,951.068
722,1159.000,1041.374
723,1081.570,760.431
724,831.426,942.942
725,789.988,957.181
726,772.334,907.958
727,784.226,756.260
728,751.018,880.285
729,1244.050,1030.868
730,1095.510,851.606
731,906.989,842.584
732,832.610,831.383
733,1132.600,914.192
734,946.669,799.750
735,874.743,771.487
736,754.574,782.512
737,663.655,969.635
738,771.833,889.630
739,800.861,1003.622
740,727.479,700.681
741,803.144,904.921
742,1159.200,820.258
743,1231.110,759.182
744,723.803,897.546
745,817.662,931.612
746,836.935,844.088
747,804.667,816.606
748,917.750,836.272
749,904.297,858.867
750,1128.910,1077.907
751,602.382,827.594
752,1228.580,763.352
753,1000.420,871.961
754,757.573,884.513
755,1128.030,893.239
756,1138.440,866.052
757,1095.710,825.398
758,960.449,866.819
759,882.940,1022.196
760,1284.580,984.510
761,1231.570,957.135
762,1037.100,733.809
763,513.011,686.040
764,896.652,910.619
765,488.872,890.586
766,734.660,1022.284
767,1281.680,835.229
768,922.337,881.071
769,911.733,860.729
770,1078.530,837.131
771,1085.890,914.299
772,875.191,791.299
773,751.999,789.007
774,749.998,690.206
775,692.155,773.864
776,1282.180,1016.816
777,1252.730,947.755
778,786.194,761.692
779,654.133,1029.131
780,862.647,1037.592
781,684.698,715.926
782,1189.210,934.909
783,967.045,827.068
784,732.324,711.834
785,550.497,714.514
786,1293.850,1033.729
787,863.970,1002.584
788,751.437,819.360
789,1142.740,990.993
790,857.558,756.002
791,542.933,722.956
792,977.998,684.689
793,919.879,837.145
794,934.754,753.703
795,950.454,880.343
796,639.002,821.265
797,972.855,880.081
798,872.086,805.874
799,740.016,803.650
800,735.166,794.478
801,794.045,929.647
802,913.875,830.611
803,852.363,928.286
804,780.030,977.012
805,907.790,837.533
806,683.259,855.810
807,1170.450,1132.132
808,958.859,901.569
809,698.776,1042.388
810,822.728,745.026
811,681.578,701.480
812,651.213,812.789
813,682.138,948.518
814,1055.280,905.556
815,676.003,1063.916
816,855.918,771.884
817,629.702,893.013
818,589.452,850.724
819,1051.980,871.850
820,920.413,779.578
821,1026.830,958.498
822,510.495,795.215
823,810.020,794.365
824,989.843,1039.373
825,1052.490,811.233
826,705.298,934.413
827,888.154,788.904
828,1146.850,871.753
829,680.506,951.353
830,638.964,1071.018
831,879.750,797.165
832,889.143,840.941
833,1060.190,1016.864
834,866.155,822.531
835,1068.490,822.909
836,876.373,761.155
837,1114.800,898.246
838,974.948,824.749
839,1132.450,816.544
840,968.078,1031.405
841,1076.950,886.930
842,1055.030,860.257
843,1055.720,779.193
844,962.225,716.981
845,992.906,775.281
846,721.680,809.810
847,832.383,746.368
848,825.003,1067.180
849,806.922,794.916
850,669.214,841.383
851,856.664,944.566
852,812.117,1072.537
853,869.444,888.772
854,1120.600,906.050
855,632.792,855.877
856,860.003,875.366
857,590.486,667.066
858,843.597,901.832
859,715.749,1129.226
860,989.318,900.088
861,1178.900,1051.061
862,1023.610,875.035
863,820.690,802.843
864,654.639,743.846
865,950.603,953.132
866,1022.090,874.502
867,827.282,902.778
868,909.804,805.524
869,775.864,878.977
870,811.075,815.141
871,898.221,815.534
872,1008.740,798.898
873,887.573,812.280
874,1126.310,826.184
875,865.095,769.864
876,1217.350,880.570
877,784.696,933.502
878,678.929,718.710
879,667.839,882.431
880,1306.030,973.018
881,720.564,924.576
882,838.857,830.313
883,1096.870,899.486
884,675.943,966.249
885,673.384,835.453
886,618.346,932.249
887,758.590,710.238
888,779.642,680.092
889,946.936,829.617
890,909.340,800.844
891,913.452,825.104
892,871.918,868.831
893,661.198,712.414
894,1068.250,922.290
895,466.170,796.551
896,716.549,737.386
897,819.401,842.825
898,686.618,852.974
899,653.699,722.994
900,803.106,804.219
901,1227.050,751.106
902,1137.440,992.658
903,1242.560,956.926
904,1043.010,890.990
905,1015.820,966.150
906,936.722,996.780
907,663.876,1032.034
908,1357.020,910.333
909,684.447,858.282
910,1345.350,940.767
911,617.918,745.562
912,907.783,1013.368
913,671.097,1035.161
914,733.625,939.265
915,646.040,941.132
916,731.054,871.903
917,1050.020,870.086
918,795.371,1027.522
919,709.337,794.418
920,800.951,1126.090
921,1198.490,855.004
922,745.592,942.504
923,684.710,848.863
924,668.936,743.597
925,607.262,761.380
926,693.980,794.220
927,1237.880,779.827
928,667.148,808.827
929,1128.880,1050.069
930,905.613,837.363
931,660.234,892.530
932,807.583,866.663
933,860.587,778.350
934,624.211,729.625
935,1323.840,935.005
936,758.111,787.986
937,780.841,841.419
938,447.004,634.033
939,1159.230,1060.353
940,809.893,749.147
941,676.198,908.939
942,1346.320,1057.871
943,602.827,907.400
944,570.580,774.526
945,1037.360,885.347
946,1090.400,765.022
947,657.514,935.596
948,694.351,794.628
949,683.658,811.282
950,1101.530,945.481
951,735.370,817.842
952,827.970,934.489
953,762.298,934.044
954,857.273,945.803
955,1057.000,772.096
956,691.873,734.874
957,1052.930,905.378
958,1126.110,696.907
959,761.534,917.915
960,1133.440,898.761
961,1007.210,720.476
962,920.508,866.143
963,1111.470,830.944
964,986.149,784.491
965,529.767,851.370
966,938.706,802.280
967,743.966,806.616
968,872.130,878.691
969,741.343,850.091
970,986.334,857.359
971,797.124,840.289
972,882.105,780.038
973,726.638,1153.615
974,718.826,839.701
975,637.796,858.082
976,637.769,1005.219
977,1017.960,1067.416
978,1007.790,933.523
979,681.126,855.021
980,695.003,737.426
981,505.545,647.923
982,1346.280,698.288
983,973.828,853.313
984,854.426,723.055
985,1456.070,1044.794
986,1072.550,783.205
987,726.597,758.406
988,1086.560,811.570
989,884.167,1026.466
990,947.429,922.599
991,839.442,963.013
992,722.487,809.637
993,1200.550,882.482
994,1258.160,768.992
995,820.392,852.193
996,1075.620,763.728
997,749.288,692.891
998,719.365,801.801
999,948.008,853.716
1000,627.871,814.969
1001,1038.820,811.314
1002,1294.460,1037.903
1003,1216.350,1023.765
1004,756.171,922.803
1005,1332.600,843.182
1006,935.968,955.360
1007,921.558,799.906
1008,746.793,902.567
1009,1406.760,1010.961
1010,1172.810,968.411
1011,968.954,963.927
1012,1028.390,1039.758
1013,789.056,1066.631
1014,738.561,859.033
1015,1045.780,750.030
1016,687.941,786.927
1017,888.322,903.805
1018,863.441,670.098
1019,981.356,859.338
1020,615.176,796.019
1021,622.873,862.648
1022,774.390,782.033
1023,747.832,827.671
1024,662.950,775.446
1025,750.408,721.619
1026,813.851,737.566
1027,637.563,683.708
1028,1145.290,933.077
1029,670.846,733.913
1030,790.201,838.046
1031,1059.190,737.777
1032,658.199,814.551
1033,1148.750,883.238
1034,822.534,884.888
1035,526.665,825.124
1036,794.448,1036.478
1037,694.396,882.981
1038,898.413,926.086
1039,519.630,890.627
1040,1109.630,791.323
1041,924.987,812.061
1042,881.040,790.263
1043,1219.470,893.084
1044,738.512,856.989
1045,846.654,899.851
1046,965.861,1021.360
1047,694.284,718.084
1048,1010.540,852.079
1049,1219.460,956.167
1050,810.856,839.498
1051,990.074,844.827
1052,1106.820,984.270
1053,1185.330,779.124
1054,764.253,970.435
1055,1137.210,848.428
1056,673.212,843.675
1057,709.504,883.255
1058,644.550,720.373
1059,850.216,778.931
1060,1132.190,1047.045
1061,987.463,934.560
1062,1121.060,1031.438
1063,955.401,943.514
1064,747.832,853.380
1065,632.582,694.340
1066,1016.850,801.715
1067,825.466,807.765
1068,657.892,864.843
1069,909.143,795.209
1070,942.406,779.916
1071,1068.250,922.290
1072,466.170,796.551
1073,933.807,817.627
1074,691.657,851.143
1075,1087.710,1021.001
1076,627.436,832.714
1077,1287.070,931.464
1078,842.476,940.526
1079,693.331,762.852
1080,658.334,947.731
1081,634.332,869.304
1082,884.829,776.257
1083,1054.900,1010.503
1084,716.549,737.386
1085,819.401,842.825
1086,686.618,852.974
1087,653.699,722.994
1088,1186.940,808.814
1089,824.923,891.544
1090,648.282,829.590
1091,635.159,776.856
1092,743.604,919.818
1093,1075.890,996.000
1094,939.568,856.607
1095,1212.610,1056.460
1096,1237.160,939.085
1097,554.544,839.315
1098,784.618,767.537
1099,725.636,766.942
1100,1127.160,1000.129
1101,1152.540,945.293
1102,804.832,945.920
1103,688.076,862.634
1104,646.057,744.131
1105,1183.900,948.262
1106,1112.070,843.939
1107,1087.720,806.641
1108,791.407,833.238
1109,714.230,957.335
1110,589.117,782.112
1111,1030.290,985.786
1112,582.690,857.153
1113,841.309,898.240
1114,857.257,954.669
1115,744.757,886.682
1116,772.569,758.746
1117,744.199,899.760
1118,941.521,859.475
1119,790.374,784.476
1120,904.504,806.010
1121,1101.430,906.976
1122,696.716,731.597
1123,594.392,731.723
1124,736.766,704.821
1125,1013.300,925.684
1126,752.578,950.820
1127,669.209,817.823
1128,1214.700,1040.073
1129,709.695,934.037
1130,586.090,674.613
1131,729.873,783.061
1132,747.170,735.285
1133,1176.470,868.042
1134,666.167,840.084
1135,755.925,812.047
1136,895.211,913.314
1137,662.199,1104.374
1138,1017.790,839.731
1139,645.896,780.252
1140,806.781,858.064
1141,1225.990,852.813
1142,493.961,846.126
1143,818.899,856.729
1144,985.613,890.399
1145,1207.380,948.180
1146,604.479,876.403
1147,750.365,1036.107
1148,695.188,907.828
1149,889.066,839.600
1150,743.389,907.252
1151,985.623,762.038
1152,876.196,982.844
1153,701.984,1033.836
1154,672.364,825.951
1155,1175.950,1073.064
1156,697.859,821.569
1157,1098.780,803.108
1158,604.773,823.562
1159,884.486,786.411
1160,901.798,980.895
1161,529.040,810.550
1162,678.820,707.003
1163,885.681,942.911
1164,928.586,752.120
1165,1200.930,946.360
1166,777.882,744.301
1167,648.129,826.613
1168,729.326,677.233
1169,744.733,919.135
1170,1239.030,958.102
1171,864.785,734.841
1172,650.893,734.976
1173,955.693,950.062
1174,631.195,798.443
1175,497.764,778.386
1176,906.369,1122.493
1177,794.030,789.277
1178,1371.260,868.350
1179,705.706,902.902
1180,1069.270,861.127
1181,859.066,916.872
1182,962.647,757.008
1183,732.042,984.599
1184,1068.370,909.814
1185,787.317,1055.666
1186,720.079,760.801
1187,621.767,783.402
1188,1121.760,938.545
1189,728.969,869.960
1190,627.843,946.418
1191,1029.000,824.139
1192,914.087,1004.179
1193,1060.480,853.042
1194,994.871,901.609
1195,843.107,944.586
1196,924.167,843.222
1197,866.735,798.546
1198,782.071,838.866
1199,1131.140,926.436
1200,1054.330,931.381
1201,853.666,699.341
1202,1099.100,909.900
1203,1014.080,955.131
1204,890.754,875.597
1205,978.314,1046.551
1206,836.964,971.983
1207,852.363,928.286
1208,780.030,977.012
1209,737.893,803.589
1210,1164.770,1015.961
1211,645.791,897.455
1212,655.299,822.703
1213,658.808,925.493
1214,542.490,710.941
1215,1263.570,878.353
1216,651.303,753.818
1217,837.569,912.458
1218,916.311,861.263
1219,830.238,882.612
1220,905.676,908.949
1221,711.129,840.135
1222,1198.400,919.069
1223,1117.520,799.239
1224,703.304,787.911
1225,972.069,883.744
1226,833.626,919.658
1227,983.377,734.488
1228,1140.900,988.822
1229,756.059,860.713
1230,633.115,852.702
1231,919.110,1037.739
1232,1001.150,901.930
1233,781.249,743.643
1234,491.033,673.514
1235,993.297,1021.231
1236,1109.710,965.102
1237,648.673,803.715
1238,555.963,720.662
1239,987.193,981.637
1240,791.967,812.771
1241,1139.850,899.707
1242,1078.330,780.594
1243,963.349,1081.483
1244,791.784,767.529
1245,1240.250,888.273
1246,755.456,846.315
1247,632.512,725.248
1248,1010.960,1055.196
1249,689.600,775.215
1250,1021.120,1022.630
1251,749.128,844.900
1252,684.526,678.595
1253,788.497,816.402
1254,841.184,877.341
1255,532.240,679.777
1256,716.223,791.643
1257,950.856,988.589
1258,1056.560,805.728
1259,1185.970,911.460
1260,718.938,715.827
1261,763.306,947.668
1262,816.531,907.875
1263,787.741,872.646
1264,985.712,896.795
1265,1082.520,992.942
1266,1024.240,897.281
1267,1247.490,1018.061
1268,1106.070,795.460
1269,944.821,963.339
1270,966.408,928.300
1271,827.950,843.963
1272,961.259,736.653
1273,974.705,996.489
1274,756.540,1022.366
1275,669.214,841.383
1276,856.664,944.566
1277,812.117,1072.537
1278,869.444,888.772
1279,695.188,907.828
1280,1119.070,861.526
1281,769.677,926.144
1282,625.917,855.770
1283,984.831,848.974
1284,799.667,847.269
1285,1232.060,964.576
1286,983.860,863.257
1287,825.212,727.344
1288,1204.740,899.634
1289,725.609,702.880
1290,802.654,827.606
1291,1021.210,873.225
1292,1262.650,1016.747
1293,578.944,877.041
1294,768.073,940.900
1295,879.297,836.850
1296,866.121,737.171
1297,982.771,740.084
1298,646.360,935.127
1299,784.696,933.502
1300,678.929,718.710
1301,667.839,882.431
1302,1306.030,973.018
1303,738.442,926.126
1304,869.864,828.495
1305,699.763,729.158
1306,606.729,805.219
1307,1055.730,950.919
1308,898.945,866.628
1309,923.617,975.447
1310,1070.870,1111.108
1311,823.398,843.605
1312,998.652,865.684
1313,817.571,989.575
1314,1051.830,652.317
1315,779.474,878.806
1316,782.964,847.129
1317,1044.860,950.946
1318,732.226,809.018
1319,777.491,1090.723
1320,1056.240,826.398
1321,1304.230,879.794
1322,770.713,764.977
1323,1003.850,877.645
1324,888.207,792.557
1325,693.905,806.806
1326,1095.250,817.259
1327,770.655,963.968
1328,1163.930,847.371
1329,752.161,935.600
1330,983.023,969.076
1331,1052.350,938.144
1332,914.628,800.328
1333,899.003,796.771
1334,1195.090,953.157
1335,726.779,761.752
1336,1085.850,971.311
1337,935.140,923.478
1338,615.835,846.743
1339,1166.020,841.063
1340,688.243,957.207
1341,933.763,1069.728
1342,969.262,979.877
1343,628.477,776.848
1344,888.091,895.740
1345,728.171,854.297
1346,549.669,868.603
1347,1018.920,1031.131
1348,1033.730,1091.100
1349,652.152,981.112
1350,824.463,904.660
1351,1001.640,778.678
1352,811.156,863.308
1353,1269.780,823.075
1354,698.001,1037.329
1355,825.262,766.021
1356,677.448,809.704
1357,957.815,895.101
1358,660.433,866.549
1359,1355.610,933.627
1360,1010.590,865.674
1361,709.654,945.663
1362,1266.000,873.725
1363,1281.490,887.905
1364,966.789,869.515
1365,606.247,738.180
1366,788.933,935.470
1367,1108.810,824.994
1368,691.351,807.710
1369,1157.550,916.429
1370,1018.210,951.659
1371,835.418,988.886
1372,653.153,1028.194
1373,867.469,772.397
1374,566.265,828.274
1375,1120.950,843.462
1376,650.812,752.099
1377,1033.030,867.840
1378,701.044,832.503
1379,892.721,818.005
1380,971.681,878.163
1381,639.550,833.867
1382,586.436,912.837
1383,764.531,844.544
1384,1274.980,1020.517
1385,1137.160,1009.113
1386,1058.220,751.611
1387,975.416,939.496
1388,578.471,819.841
1389,755.028,745.875
1390,721.971,806.156
1391,1032.240,949.194
1392,720.148,727.832
1393,922.571,826.619
1394,1276.020,965.163
1395,689.897,772.712
1396,1061.740,797.496
1397,768.956,1071.035
1398,777.819,994.222
1399,615.821,678.165
1400,869.160,811.551
1401,812.732,839.633
1402,1184.710,973.944
1403,1208.250,846.790
1404,1156.050,927.526
1405,1117.330,1041.398
1406,953.840,911.905
1407,1036.980,788.137
1408,684.952,929.551
1409,1181.690,935.418
1410,936.320,811.089
1411,909.611,876.133
1412,943.237,646.660
1413,726.126,868.022
1414,883.075,791.957
1415,1062.420,805.028
1416,885.407,1004.198
1417,1347.190,872.586
1418,698.652,828.238
1419,746.073,1058.487
1420,906.140,872.401
1421,1131.230,843.370
1422,717.242,723.983
1423,651.186,784.265
1424,963.171,836.015
1425,1159.680,863.370
1426,963.387,988.836
1427,1308.690,1011.443
1428,1117.820,946.015
1429,1206.050,1014.805
1430,1099.460,931.656
1431,756.330,819.005
1432,1050.500,1075.480
1433,581.764,652.799
1434,841.451,899.610
1435,678.238,752.199
1436,1203.930,862.908
1437,669.981,912.637
1438,674.667,822.808
1439,1120.980,968.907
1440,966.163,865.794
1441,775.570,832.589
1442,884.985,808.641
1443,910.775,819.293
1444,753.676,999.316
1445,685.082,793.436
1446,829.192,1008.431
1447,998.195,849.166
1448,774.440,768.439
1449,630.359,894.341
1450,548.550,848.285
1451,794.642,873.755
1452,886.190,1030.175
1453,541.489,812.540
1454,594.242,886.892
1455,791.797,1068.309
1456,1094.490,961.164
1457,757.239,1043.090
1458,545.088,768.285
1459,794.721,881.161
1460,800.781,900.875
1461,654.293,925.706
1462,1200.550,882.482
1463,650.837,961.164
1464,927.314,870.531
1465,1074.240,1001.927
1466,867.799,1025.883
1467,1298.980,1066.458
1468,1176.410,931.115
1469,774.594,962.843
1470,680.907,863.692
1471,778.947,778.982
1472,1104.490,964.466
1473,634.049,985.522
1474,799.343,916.632
1475,811.238,704.281
1476,1047.160,972.668
1477,1125.870,710.595
1478,935.578,883.427
1479,963.217,946.622
1480,900.085,1002.783
1481,659.005,1088.126
1482,821.265,1073.307
1483,1143.160,775.820
1484,854.778,882.714
1485,780.531,921.348
1486,1273.090,844.750
1487,1104.610,1046.688
1488,525.422,841.591
1489,675.494,758.355
1490,760.351,1088.889
1491,978.451,873.358
1492,868.780,896.543
1493,692.106,794.446
1494,1033.450,766.111
1495,616.029,981.595
1496,594.245,759.030
1497,1293.850,1033.729
1498,863.970,1002.584
1499,751.437,819.360
1500,1142.740,990.993
1501,857.558,756.002
1502,1367.650,832.105
1503,940.276,819.523
1504,1166.240,878.290
1505,777.609,927.731
1506,986.470,877.298
1507,1272.740,980.411
1508,829.709,697.901
1509,610.944,787.517
1510,861.001,1098.743
1511,630.267,985.776
1512,729.917,919.314
1513,775.439,880.381
1514,586.435,755.891
1515,790.345,867.089
1516,1144.890,1032.008
1517,512.911,807.277
1518,1117.540,954.440
1519,972.779,1037.392
1520,852.425,828.887
1521,1155.930,939.685
1522,706.214,867.864
1523,1039.720,857.131
1524,778.473,751.252
1525,807.147,1065.755
1526,990.074,844.827
1527,1106.820,984.270
1528,1185.330,779.124
1529,764.253,970.435
1530,1137.210,848.428
1531,1130.530,963.288
1532,646.468,838.272
1533,968.151,726.509
1534,909.866,930.262
1535,968.483,972.495
1536,909.957,772.088
1537,791.429,805.255
1538,948.095,1052.284
1539,698.549,715.151
1540,1045.200,821.564
1541,684.292,866.559
1542,875.317,909.146
1543,1312.440,868.549
1544,1116.720,788.217
1545,582.184,755.147
1546,1328.830,971.975
1547,755.073,938.055
1548,849.013,782.099
1549,984.974,895.367
1550,587.346,907.413
1551,1102.990,871.256
1552,1191.500,1096.404
1553,896.613,859.928
1554,711.563,959.079
1555,798.640,978.060
1556,758.249,887.626
1557,976.328,773.420
1558,1173.920,828.944
1559,1126.390,1015.380
1560,1147.910,1009.812
1561,937.052,763.643
1562,903.944,972.826
1563,865.369,1030.633
1564,990.164,752.871
1565,972.528,870.219
1566,711.358,856.150
1567,526.544,818.527
1568,1153.550,900.208
1569,703.578,896.360
1570,948.923,895.938
1571,1004.740,1039.561
1572,860.429,896.847
1573,1052.730,983.596
1574,851.082,932.492
1575,880.628,828.155
1576,809.201,823.564
1577,1067.970,715.099
1578,920.032,864.637
1579,810.690,1019.521
1580,1022.270,839.562
1581,578.900,837.030
1582,877.724,851.154
1583,616.937,856.398
1584,854.812,989.892
1585,781.479,874.026
1586,760.501,820.985
1587,854.910,978.239
1588,949.179,735.235
1589,693.650,1046.850
1590,716.703,814.309
1591,667.630,878.669
1592,946.613,894.206
1593,1045.710,1006.657
1594,557.825,847.108
1595,1117.100,880.318
1596,1078.420,817.303
1597,988.516,808.599
1598,1125.070,871.591
1599,1225.530,1126.641
1600,741.860,774.334
1601,927.683,956.671
1602,717.729,811.214
1603,598.364,814.043
1604,1065.150,915.567
1605,1111.430,845.272
1606,937.644,938.194
1607,676.151,739.821
1608,898.289,944.552
1609,1006.640,1020.277
1610,791.738,1012.656
1611,857.617,902.734
1612,759.780,750.316
1613,623.732,698.498
1614,881.784,827.414
1615,1126.980,908.715
1616,635.852,698.907
1617,764.725,862.804
1618,1125.250,789.628
1619,986.115,864.753
1620,808.756,771.801
1621,861.087,664.340
1622,571.720,755.089
1623,1089.400,935.777
1624,612.973,974.376
1625,1106.690,962.301
1626,944.845,883.862
1627,718.826,839.701
1628,637.796,858.082
1629,637.769,1016.712
1630,1017.960,864.722
1631,1007.790,878.477
1632,807.334,884.374
1633,681.126,834.625
1634,695.003,737.318
1635,1117.530,956.148
1636,814.869,831.053
1637,835.546,1156.692
1638,987.824,950.849
1639,1039.800,788.196
1640,826.122,941.472
1641,1166.520,965.614
1642,1163.560,1053.131
1643,826.453,864.848
1644,918.731,817.305
1645,730.411,791.852
1646,968.476,965.757
1647,834.539,801.622
1648,879.099,883.224
1649,762.189,760.016
1650,1032.530,829.336
1651,1139.910,896.944
1652,1059.810,860.690
1653,634.554,911.284
1654,1122.820,995.744
1655,812.474,853.647
1656,1070.960,802.951
1657,597.657,750.243
1658,1186.650,898.089
1659,655.682,756.394
1660,847.606,959.392
1661,704.505,1011.409
1662,555.738,822.473
1663,780.084,946.902
1664,788.520,978.658
1665,748.780,1086.447
1666,907.589,1092.684
1667,718.979,822.062
1668,960.939,1047.604
1669,996.735,896.974
1670,908.346,775.672
1671,714.174,943.807
1672,599.650,803.470
1673,690.645,677.111
1674,754.049,815.804
1675,875.334,952.138
1676,748.259,821.713
1677,714.283,855.339
1678,972.304,827.901
1679,589.644,886.930
1680,693.847,978.601
1681,940.264,784.377
1682,944.484,874.476
1683,666.406,911.450
1684,1167.580,934.913
1685,703.481,1000.961
1686,965.092,890.552
1687,982.695,988.511
1688,1074.650,1035.156
1689,908.291,798.852
1690,1367.720,929.100
1691,1094.160,799.499
1692,917.243,802.755
1693,1116.550,938.796
1694,836.793,750.905
1695,540.947,822.610
1696,768.906,988.141
1697,1041.610,931.300
1698,1040.350,813.363
1699,616.715,759.627
1700,991.930,948.129
1701,630.672,898.718
1702,1033.540,857.043
1703,853.276,1034.392
1704,1018.580,934.757
1705,994.180,744.875
1706,1083.710,1127.802
1707,937.703,830.869
1708,771.789,795.867
1709,633.261,788.329
1710,838.597,707.699
1711,738.769,895.052
1712,816.120,775.538
1713,1059.320,999.557
1714,526.108,743.941
1715,839.702,925.778
1716,666.143,813.560
1717,788.598,857.737
1718,831.426,942.942
1719,789.988,957.181
1720,784.226,829.773
1721,702.703,975.763
1722,1062.110,818.962
1723,812.846,1074.373
1724,672.234,928.020
1725,1165.890,1127.759
1726,843.760,732.488
1727,1204.530,942.912
1728,1021.700,968.786
1729,868.392,789.967
1730,988.409,688.095
1731,1309.350,987.058
1732,1001.450,931.929
1733,1064.660,786.483
1734,734.914,909.291
1735,769.943,902.396
1736,764.698,940.621
1737,684.994,861.683
1738,773.946,818.804
1739,710.968,898.680
1740,1207.140,859.922
1741,798.800,863.107
1742,647.597,815.267
1743,894.262,952.438
1744,602.824,827.856
1745,573.990,773.433
1746,1350.400,1064.476
1747,782.918,919.840
1748,871.876,808.883
1749,1242.780,1049.897
1750,1190.730,1018.316
1751,825.570,761.691
1752,756.669,923.111
1753,1266.420,897.008
1754,645.457,853.184
1755,953.282,939.492
1756,889.910,775.586
1757,827.729,968.935
1758,997.567,956.863
1759,825.736,863.399
1760,491.818,706.027
1761,730.364,900.231
1762,722.713,818.273
1763,645.027,823.914
1764,920.311,927.704
1765,1093.060,865.951
1766,1116.300,941.015
1767,679.537,825.328
1768,1051.930,888.212
1769,858.220,796.253
1770,677.909,841.784
1771,728.667,843.829
1772,1321.930,932.124
1773,758.615,754.525
1774,891.043,791.981
1775,1211.680,1065.139
1776,697.117,985.972
1777,917.111,983.346
1778,892.498,903.185
1779,497.120,744.598
1780,921.708,872.338
1781,598.637,862.393
1782,909.555,957.480
1783,1054.730,757.465
1784,1189.740,688.023
1785,648.874,776.047
1786,636.539,789.584
1787,1028.680,1016.850
1788,784.402,880.724
1789,781.263,764.383
1790,632.412,794.974
1791,1284.150,855.176
1792,890.283,672.987
1793,943.452,1004.446
1794,1031.380,795.205
1795,675.865,998.442
1796,976.130,912.006
1797,627.954,788.419
1798,1200.930,1078.318
1799,777.882,809.169
1800,777.357,895.685
1801,700.949,944.682
1802,924.261,802.580
1803,882.387,758.399
1804,637.524,720.313
1805,1220.510,903.270
1806,1216.630,948.132
1807,944.747,929.630
1808,1115.630,943.184
1809,893.553,933.690
1810,1063.600,755.720
1811,570.907,818.034
1812,576.813,917.087
1813,823.471,906.372
1814,879.125,825.737
1815,1329.240,949.676
1816,818.678,948.948
1817,1150.890,806.310
1818,1029.590,1016.800
1819,1054.150,854.815
1820,936.104,992.752
1821,982.470,1007.394
1822,1065.540,796.812
1823,878.539,845.200
1824,1100.960,963.392
1825,638.958,782.812
1826,1107.150,983.211
1827,648.958,676.433
1828,884.565,748.334
1829,753.819,795.042
1830,965.598,873.163
1831,1247.120,768.186
1832,904.736,973.505
1833,1021.450,1015.983
1834,641.974,885.887
1835,726.049,959.958
1836,1300.170,832.741
1837,691.071,808.779
1838,954.269,918.702
1839,1247.970,1054.296
1840,519.696,955.007
1841,656.046,813.917
1842,1174.330,1102.244
1843,881.572,769.456
1844,877.002,998.941
1845,911.201,859.396
1846,1472.640,931.184
1847,1009.120,1062.758
1848,837.852,761.241
1849,898.649,820.027
1850,519.367,898.293
1851,1059.410,917.784
1852,762.687,778.762
1853,860.715,667.570
1854,677.265,811.074
1855,953.907,863.428
1856,1246.450,949.052
1857,1036.270,730.450
1858,875.129,857.305
1859,953.585,930.694
1860,1004.590,845.070
1861,1010.580,950.404
1862,1180.170,850.845
1863,808.135,1010.398
1864,988.867,856.620
1865,1114.930,1072.885
1866,766.847,1033.636
1867,1019.360,1019.210
1868,1073.500,951.697
1869,1015.580,933.221
1870,958.012,822.603
1871,1072.980,841.231
1872,843.850,834.048
1873,688.150,827.286
1874,1145.540,958.645
1875,606.774,879.240
1876,941.479,927.374
1877,1129.620,1010.098
1878,556.412,1013.172
1879,745.466,719.089
1880,854.146,900.958
1881,649.956,885.310
1882,920.102,891.033
1883,1048.230,947.242
1884,1026.430,1020.193
1885,591.421,848.261
1886,823.398,857.019
1887,562.993,744.814
1888,828.892,800.376
1889,891.456,1043.088
1890,620.405,824.457
1891,703.813,745.356
1892,773.028,751.229
1893,1052.110,943.902
1894,814.439,908.475
1895,903.155,805.113
1896,706.169,1010.375
1897,1137.390,899.290
1898,629.038,864.482
1899,896.515,827.592
1900,814.265,753.165
1901,887.230,830.707
1902,1119.740,824.619
1903,783.761,973.574
1904,1243.020,909.786
1905,1083.040,840.207
1906,676.451,884.174
1907,781.241,733.291
1908,837.662,850.054
1909,809.045,882.593
1910,1032.830,925.315
1911,581.326,711.153
1912,1259.710,1014.346
1913,656.507,736.368
1914,749.052,782.381
1915,832.588,870.514
1916,852.337,980.538
1917,911.024,1084.036
1918,683.090,1014.773
1919,716.454,995.795
1920,635.130,753.980
1921,783.782,891.351
1922,981.221,792.975
1923,569.378,808.562
1924,515.444,894.699
1925,753.224,897.298
1926,925.907,999.690
1927,817.538,997.585
1928,987.486,956.506
1929,662.199,1104.374
1930,1017.790,839.731
1931,754.570,878.592
1932,918.433,1014.982
1933,879.968,1087.063
1934,793.725,1000.274
1935,912.961,894.301
1936,1237.950,1047.627
1937,1275.840,1077.067
1938,795.146,821.859
1939,925.770,942.700
1940,733.367,896.935
1941,724.633,798.529
1942,945.821,859.717
1943,736.223,1039.750
1944,971.530,817.933
1945,1019.040,997.383
1946,733.011,913.135
1947,730.851,819.850
1948,1223.320,831.332
1949,1169.430,1049.855
1950,1126.530,829.080
1951,522.046,876.172
1952,1153.000,859.456
1953,980.774,844.271
1954,657.167,935.467
1955,905.713,856.596
1956,952.271,1022.094
1957,1128.870,914.035
1958,720.615,821.226
1959,727.932,744.870
1960,863.250,836.694
1961,732.134,750.808
1962,825.649,820.136
1963,654.904,785.660
1964,1317.830,994.390
1965,852.712,884.687
1966,875.693,992.278
1967,768.554,947.693
1968,556.712,767.747
1969,779.167,893.002
1970,712.303,1016.720
1971,1160.610,946.829
1972,921.015,1065.540
1973,738.493,846.932
1974,653.247,914.811
1975,591.891,824.180
1976,694.168,868.461
1977,743.429,994.633
1978,717.101,831.711
1979,714.710,746.121
1980,600.624,724.794
1981,792.766,824.086
1982,608.314,797.256
1983,637.390,640.754
1984,1016.150,1046.990
1985,927.718,944.684
1986,528.316,695.367
1987,1164.500,975.145
1988,592.290,675.396
1989,1030.840,945.137
1990,912.150,825.276
1991,1018.300,930.930
1992,1174.160,1011.924
1993,1009.960,836.324
1994,990.583,939.743
1995,919.333,882.516
1996,652.426,715.802
1997,882.022,882.852
1998,904.755,913.127
1999,743.755,696.367
2000,931.515,835.183
2001,718.565,1007.474
2002,1242.300,1030.138
2003,861.068,1026.721
2004,1145.990,738.625
2005,909.090,790.804
2006,862.814,938.785
2007,969.212,1047.893
2008,784.469,830.700
2009,1133.750,877.154
2010,938.894,1025.784
2011,661.607,759.342
2012,840.778,936.892
2013,749.393,847.416
2014,648.640,854.299
2015,689.706,831.156
2016,693.313,817.277
2017,832.538,894.361
2018,740.335,872.576
2019,562.737,862.628
2020,582.169,897.680
2021,1276.510,846.759
2022,893.810,886.856
2023,766.995,845.378
2024,533.007,720.854
2025,644.781,887.845
2026,695.857,851.221
2027,846.500,719.332
2028,853.947,774.634
2029,804.999,851.678
2030,898.162,993.489
2031,614.958,896.302
2032,729.999,830.015
2033,1013.780,964.681
2034,700.361,820.540
2035,1052.050,905.999
2036,1165.060,855.801
2037,817.819,952.971
2038,1189.820,925.447
2039,586.678,830.236
2040,1065.130,856.258
2041,774.290,816.634
2042,955.834,856.848
2043,705.932,836.207
2044,1013.390,841.838
2045,956.336,883.041
2046,931.343,1046.967
2047,722.660,886.439
2048,933.763,1069.728
2049,969.262,979.877
2050,628.477,776.848
2051,888.091,895.740
2052,728.171,854.297
2053,549.669,868.603
2054,784.933,726.541
2055,1369.350,1037.755
2056,1285.460,869.786
2057,1042.410,1013.108
2058,980.760,723.440
2059,954.006,856.547
2060,707.163,810.342
2061,1159.420,881.676
2062,807.442,885.215
2063,1203.520,1058.556
2064,1066.660,764.129
2065,743.382,817.751
2066,540.547,776.049
2067,651.057,836.493
2068,1082.740,984.755
2069,521.538,870.161
2070,1124.360,828.824
2071,1016.750,767.408
2072,567.724,753.060
2073,1214.080,905.055
2074,750.728,838.644
2075,697.114,982.824
2076,1260.700,1023.616
2077,578.651,831.306
2078,662.033,901.198
2079,902.973,840.597
2080,608.471,904.233
2081,1051.600,843.388
2082,877.957,976.155
2083,945.655,790.514
2084,848.105,886.775
2085,1003.080,994.580
2086,601.155,814.163
2087,1022.300,1019.028
2088,856.433,849.908
2089,713.432,757.907
2090,552.923,850.304
2091,1142.260,863.317
2092,739.964,977.718
2093,819.669,746.468
2094,718.025,890.876
2095,906.903,757.146
2096,1084.340,697.760
2097,1294.950,967.861
2098,995.666,915.375
2099,721.384,740.407
2100,846.533,840.775
2101,1308.810,1005.645
2102,796.210,810.718
2103,823.067,890.755
2104,1022.250,939.399
2105,938.635,783.355
2106,1035.540,720.554
2107,971.237,838.142
2108,844.331,712.950
2109,574.440,776.022
2110,707.706,794.422
2111,672.169,741.877
2112,1046.950,799.148
2113,684.232,785.571
2114,1176.520,859.716
2115,822.514,981.754
2116,874.994,888.801
2117,945.737,722.787
2118,1028.450,905.568
2119,868.443,677.295
2120,792.050,775.180
2121,670.025,981.690
2122,1091.700,871.261
2123,830.320,818.200
2124,1245.250,679.120
2125,998.321,845.975
2126,716.743,739.198
2127,846.332,972.391
2128,849.437,1082.635
2129,646.481,798.718
2130,717.229,1020.437
2131,917.609,806.052
2132,707.275,841.174
2133,900.322,962.554
2134,642.236,782.841
2135,730.879,769.104
2136,925.067,700.984
2137,754.201,876.833
2138,1352.080,1071.709
2139,957.516,973.987
2140,1091.540,834.880
2141,796.879,888.724
2142,849.276,847.514
2143,774.607,908.249
2144,1116.330,844.756
2145,802.257,744.775
2146,721.107,872.415
2147,1033.120,939.106
2148,856.729,954.596
2149,763.273,773.756
2150,907.259,812.323
2151,762.938,693.988
2152,647.120,803.462
2153,1152.960,840.762
2154,800.620,1060.929
2155,727.516,976.468
2156,734.441,863.007
2157,620.714,707.732
2158,771.348,855.873
2159,775.483,885.977
2160,786.222,819.655
2161,994.453,884.112
2162,688.226,1036.340
2163,628.762,886.430
2164,774.356,863.787
2165,1247.900,985.338
2166,897.303,946.897
2167,591.735,710.318
2168,648.067,743.948
2169,964.379,840.953
2170,988.520,859.117
2171,771.582,857.970
2172,1302.890,1001.810
2173,718.098,863.856
2174,1311.560,962.696
2175,767.467,999.266
2176,887.532,762.438
2177,766.262,896.732
2178,1108.360,810.706
2179,1126.920,758.049
2180,821.424,1017.775
2181,1142.940,902.298
2182,637.817,755.133
2183,899.065,788.271
2184,1087.130,743.408
2185,912.763,947.336
2186,841.401,860.636
2187,992.028,908.794
2188,996.633,753.921
2189,616.910,1054.068
2190,1246.470,788.358
2191,1214.200,1061.350
2192,1059.430,942.858
2193,886.746,917.966
2194,844.451,827.988
2195,757.433,863.388
2196,976.898,895.948
2197,720.366,848.633
2198,1269.070,939.641
2199,708.543,837.560
2200,1233.700,877.968
2201,816.171,914.581
2202,1132.140,678.740
2203,744.398,822.412
2204,917.622,1015.948
2205,707.515,896.885
2206,989.502,990.823
2207,654.446,710.879
2208,1018.550,882.694
2209,897.677,731.323
2210,896.165,1028.578
2211,827.115,768.444
2212,709.857,907.539
2213,969.185,1010.840
2214,751.122,818.035
2215,1077.120,823.303
2216,699.506,1000.489
2217,628.249,772.572
2218,705.706,902.902
2219,1069.270,861.127
2220,859.066,916.872
2221,962.647,757.008
2222,732.042,984.599
2223,1068.370,909.814
2224,1095.250,977.018
2225,1207.910,871.119
2226,1126.550,1068.168
2227,715.554,740.479
2228,769.427,1121.275
2229,798.218,1016.684
2230,899.798,824.452
2231,1039.010,1011.553
2232,957.408,894.679
2233,1312.790,876.919
2234,765.983,957.324
2235,679.555,821.896
2236,901.898,844.973
2237,753.166,753.792
2238,892.483,823.519
2239,869.978,958.611
2240,808.965,811.050
2241,709.324,992.943
2242,678.205,816.658
2243,660.733,679.737
2244,1164.570,919.647
2245,1008.010,892.261
2246,877.705,707.776
2247,1094.700,941.829
2248,713.355,805.132
2249,688.151,792.427
2250,688.929,876.963
2251,734.076,929.131
2252,699.823,941.821
2253,887.855,847.929
2254,924.781,1090.614
2255,962.000,871.848
2256,686.128,717.812
2257,583.619,886.655
2258,876.231,835.292
2259,1127.340,917.859
2260,874.363,808.037
2261,743.155,812.529
2262,1022.710,822.033
2263,857.657,666.672
2264,645.725,865.292
2265,938.338,864.148
2266,814.116,907.161
2267,1263.800,918.517
2268,591.257,997.621
2269,1309.430,1008.803
2270,1055.570,1037.629
2271,878.321,944.358
2272,897.492,839.014
2273,1168.290,1113.272
2274,762.492,833.340
2275,761.176,1033.186
2276,854.445,923.730
2277,1144.040,730.631
2278,1252.980,881.448
2279,1053.690,1011.182
2280,577.425,757.758
2281,722.447,863.896
2282,1331.980,919.016
2283,998.608,920.347
2284,606.667,898.236
2285,981.130,829.550
2286,879.968,1087.063
2287,793.725,1082.719
2288,686.039,732.096
2289,589.289,980.199
2290,747.596,790.194
2291,1146.280,980.589
2292,1294.280,974.108
2293,552.642,894.648
2294,928.035,982.965
2295,635.317,1010.676
2296,957.240,822.985
2297,1111.250,937.645
2298,692.057,789.781
2299,1122.780,965.994
2300,1028.920,781.229
2301,636.922,776.312
2302,1094.940,885.394
2303,791.724,813.486
2304,971.066,920.748
2305,782.066,736.120
2306,989.899,898.265
2307,898.233,684.878
2308,794.353,834.558
2309,1117.280,1111.773
2310,605.097,777.013
2311,894.855,840.514
2312,577.632,864.074
2313,714.686,878.597
2314,739.596,1046.184
2315,1069.850,1013.059
2316,1184.360,951.436
2317,1136.960,911.850
2318,1182.140,1019.556
2319,810.125,872.281
2320,862.799,957.263
2321,1176.710,1074.285
2322,799.662,787.548
2323,1088.870,916.246
2324,1166.280,956.236
2325,836.063,981.041
2326,749.570,837.932
2327,702.409,754.592
2328,673.194,963.923
2329,972.465,788.013
2330,1159.670,763.068
2331,1029.580,937.223
2332,877.724,851.154
2333,616.937,856.398
2334,854.812,989.892
2335,1367.650,832.105
2336,940.276,819.523
2337,1166.240,878.290
2338,777.609,927.731
2339,986.470,902.347
2340,1272.740,894.951
2341,889.520,1058.878
2342,879.787,746.939
2343,1045.050,980.901
2344,935.552,1090.402
2345,741.361,1077.124
2346,566.209,807.265
2347,1088.040,883.824
2348,652.915,866.828
2349,1029.960,711.342
2350,755.998,856.498
2351,721.621,1012.164
2352,1373.110,1016.071
2353,693.653,994.012
2354,969.373,1003.832
2355,621.631,795.832
2356,925.170,855.590
2357,1151.820,1090.500
2358,1203.530,1042.042
2359,1022.650,841.730
2360,968.820,1107.697
2361,828.160,956.357
2362,1118.930,745.360
2363,855.821,860.576
2364,769.297,1030.858
2365,1050.020,870.086
2366,795.371,1027.522
2367,709.337,794.418
2368,800.951,1126.090
2369,1198.490,855.004
2370,1033.730,909.882
2371,881.968,833.370
2372,794.024,945.868
2373,989.852,893.549
2374,785.086,898.624
2375,1136.380,922.282
2376,934.161,861.385
2377,952.024,864.425
2378,913.554,792.347
2379,958.048,885.030
2380,937.247,949.149
2381,650.592,776.199
2382,795.667,898.924
2383,865.848,912.683
2384,793.332,941.281
2385,1092.780,797.960
2386,1086.830,866.373
2387,1249.200,791.863
2388,768.338,971.414
2389,715.041,821.146
2390,1106.270,745.006
2391,1288.930,964.111
2392,814.584,820.421
2393,898.321,1087.630
2394,997.632,847.924
2395,521.742,888.007
2396,531.739,778.073
2397,637.643,841.714
2398,936.282,721.678
2399,658.802,937.346
2400,1154.740,919.547
2401,952.316,810.701
2402,1205.960,1056.928
2403,914.579,830.222
2404,673.319,806.340
2405,819.501,938.402
2406,1157.290,783.125
2407,803.935,730.743
2408,1202.760,884.967
2409,547.385,732.197
2410,1190.730,794.501
2411,972.930,972.348
2412,871.852,927.973
2413,677.672,821.791
2414,1007.010,1033.722
2415,903.343,872.220
2416,779.936,831.548
2417,894.213,881.459
2418,742.210,999.217
2419,857.978,881.673
2420,1118.230,891.100
2421,1085.020,935.018
2422,786.526,839.330
2423,1045.440,889.522
2424,918.695,844.081
2425,806.592,945.464
2426,1256.070,833.522
2427,810.457,912.767
2428,745.585,882.474
2429,626.969,912.753
2430,1200.980,772.622
2431,772.812,802.972
2432,764.804,1105.990
2433,847.153,877.992
2434,965.292,1033.857
2435,592.863,763.213
2436,1171.170,801.149
2437,817.560,737.917
2438,764.912,845.877
2439,631.432,951.943
2440,666.749,730.587
2441,661.901,734.723
2442,1043.500,800.886
2443,783.461,854.647
2444,855.094,919.461
2445,629.707,898.122
2446,740.028,968.945
2447,1016.590,744.632
2448,930.950,784.057
2449,1075.450,788.036
2450,546.326,825.511
2451,926.807,853.096
2452,720.106,837.206
2453,1140.200,984.661
2454,651.022,832.758
2455,484.927,693.081
2456,656.470,768.133
2457,685.573,810.646
2458,602.889,810.993
2459,1033.000,863.896
2460,1058.030,881.226
2461,1084.130,924.465
2462,1110.060,953.778
2463,1053.390,759.314
2464,579.697,735.778
2465,1022.320,1024.096
2466,962.019,812.643
2467,1050.740,848.480
2468,928.630,996.227
2469,759.894,954.739
2470,984.676,963.407
2471,573.778,924.388
2472,920.205,827.715
2473,759.756,993.073
2474,804.549,918.635
2475,1076.010,1076.593
2476,1072.670,1050.585
2477,865.724,918.380
2478,872.726,929.504
2479,694.650,787.140
2480,481.268,666.382
2481,1229.600,863.742
2482,743.676,833.596
2483,761.825,802.217
2484,708.522,910.170
2485,661.916,724.821
2486,677.405,812.978
2487,651.243,868.847
2488,840.875,1017.827
2489,783.518,816.688
2490,1103.270,857.060
2491,950.293,841.191
2492,892.832,798.894
2493,775.559,805.780
2494,1392.290,895.284
2495,666.590,693.507
2496,716.575,867.242
2497,898.280,954.205
2498,1061.640,956.627
2499,1116.210,1028.925
2500,706.723,761.893
2501,731.185,851.044
2502,869.545,956.482
2503,569.708,917.836
2504,624.877,732.770
2505,789.496,884.777
2506,762.113,807.433
2507,1144.290,830.852
2508,613.421,763.951
2509,806.988,873.531
2510,699.743,872.079
2511,886.551,862.311
2512,888.378,1022.218
2513,779.451,1002.156
2514,815.829,868.512
2515,1002.120,853.220
2516,754.462,761.309
2517,817.365,717.784
2518,1085.720,799.070
2519,1063.490,1081.072
2520,1352.790,1002.453
2521,957.640,871.925
2522,755.358,811.264
2523,615.354,949.567
2524,811.708,697.112
2525,1062.110,818.962
2526,812.846,1074.373
2527,672.234,928.020
2528,1040.630,735.722
2529,747.836,866.961
2530,877.255,938.323
2531,1109.940,897.314
2532,1027.680,942.483
2533,779.983,710.712
2534,790.717,948.204
2535,953.557,1031.298
2536,961.552,1040.652
2537,1084.590,962.809
2538,1128.310,812.722
2539,980.225,1009.305
2540,933.807,817.627
2541,691.657,851.143
2542,1087.710,1021.001
2543,980.409,904.467
2544,1181.580,903.191
2545,886.351,731.819
2546,740.356,910.112
2547,721.034,859.216
2548,791.860,934.365
2549,761.218,1071.216
2550,590.092,848.286
2551,1098.480,936.522
2552,694.647,784.911
2553,934.227,820.073
2554,536.263,877.853
2555,802.875,933.351
2556,721.487,823.844
2557,863.804,903.620
2558,906.481,754.597
2559,1132.490,765.553
2560,708.197,896.778
2561,998.966,927.444
2562,657.116,869.246
2563,958.643,909.169
2564,1062.620,863.460
2565,806.695,775.436
2566,1046.290,772.440
2567,916.456,945.102
2568,665.053,768.998
2569,631.880,781.868
2570,671.471,736.420
2571,638.525,825.574
2572,871.298,933.612
2573,842.803,950.390
2574,899.553,693.852
2575,805.263,799.779
2576,1060.870,1061.104
2577,794.656,782.494
2578,1091.580,867.757
2579,1120.660,716.183
2580,997.994,875.423
2581,1314.430,790.003
2582,737.542,974.149
2583,963.112,947.802
2584,931.219,832.727
2585,1138.030,826.827
2586,902.290,1004.090
2587,794.057,826.969
2588,698.830,898.520
2589,890.454,767.538
2590,640.909,878.125
2591,903.313,996.822
2592,732.719,807.480
2593,1066.300,808.357
2594,1205.810,943.418
2595,1203.870,768.719
2596,984.687,870.938
2597,903.451,746.417
2598,656.091,813.879
2599,1263.840,990.589
2600,698.094,786.876
2601,543.424,704.014
2602,785.830,781.025
2603,753.225,902.909
2604,1171.140,1088.872
2605,823.852,750.138
2606,1263.710,795.378
2607,1142.160,831.133
2608,990.838,870.742
2609,916.604,925.957
2610,1203.630,678.002
2611,1039.340,868.407
2612,801.665,831.611
2613,784.971,905.174
2614,1040.860,935.922
2615,1130.350,755.478
2616,1096.960,935.687
2617,696.039,926.393
2618,484.375,678.627
2619,1335.520,856.238
2620,834.361,846.973
2621,978.937,801.764
2622,814.114,848.910
2623,925.704,966.821
2624,810.337,847.111
2625,521.266,765.595
2626,1128.410,799.331
2627,803.048,745.589
2628,1058.050,775.521
2629,553.529,835.576
2630,1091.060,766.950
2631,880.768,1018.505
2632,656.624,914.413
2633,879.215,896.888
2634,847.021,1012.536
2635,644.351,867.799
2636,823.433,848.398
2637,1121.550,899.484
2638,914.946,840.322
2639,1116.720,971.888
2640,736.178,759.737
2641,764.346,778.214
2642,848.217,851.146
2643,852.631,849.310
2644,1012.520,719.765
2645,882.643,880.510
2646,700.329,799.809
2647,590.799,665.159
2648,948.836,816.788
2649,995.911,806.153
2650,1382.990,1054.079
2651,858.748,877.808
2652,716.964,808.213
2653,859.499,891.383
2654,556.857,829.730
2655,952.684,915.124
2656,699.039,975.068
2657,868.162,853.480
2658,587.273,827.232
2659,653.340,739.158
2660,1181.130,903.249
2661,839.466,1070.103
2662,1053.290,1029.828
2663,689.421,816.895
2664,1091.870,911.298
2665,639.747,761.331
2666,1207.210,893.129
2667,969.070,759.625
2668,879.232,725.764
2669,1034.730,999.620
2670,792.737,890.628
2671,804.439,802.136
2672,1205.890,961.757
2673,1265.580,835.946
2674,974.686,767.495
2675,1197.650,940.682
2676,1092.330,846.047
2677,877.581,981.548
2678,806.497,904.542
2679,1041.100,867.271
2680,1209.710,822.554
2681,819.284,926.706
2682,504.353,793.685
2683,768.838,811.927
2684,631.548,904.933
2685,1124.500,767.189
2686,577.031,852.199
2687,1289.720,797.672
2688,993.699,979.849
2689,652.380,680.545
2690,900.964,868.862
2691,975.764,881.104
2692,715.577,804.968
2693,517.740,724.037
2694,686.573,957.392
2695,1059.980,774.585
2696,619.429,821.001
2697,838.599,959.081
2698,811.538,909.314
2699,726.511,894.335
2700,939.840,958.750
2701,1131.770,910.725
2702,911.882,706.774
2703,1153.270,770.292
2704,1044.610,804.901
2705,717.435,625.729
2706,720.538,818.552
2707,902.731,839.344
2708,813.176,874.256
2709,918.369,893.275
2710,1134.850,894.585
2711,954.884,855.077
2712,1189.500,879.386
2713,782.452,771.039
2714,801.234,769.484
2715,1155.850,833.158
2716,692.785,795.851
2717,701.884,1052.662
2718,1011.090,763.246
2719,1066.380,1005.422
2720,947.458,822.688
2721,959.009,940.209
2722,660.262,863.034
2723,805.224,910.841
2724,588.619,846.848
2725,906.287,866.144
2726,1146.840,914.217
2727,813.102,816.781
2728,1049.660,737.622
2729,680.277,810.550
2730,957.033,748.157
2731,574.107,725.329
2732,1127.240,856.035
2733,1063.500,979.911
2734,1011.120,868.365
2735,895.647,835.256
2736,725.575,790.016
2737,735.945,863.201
2738,638.224,960.229
2739,821.531,898.816
2740,653.516,918.069
2741,530.012,693.442
2742,1110.360,777.134
2743,806.841,883.980
2744,811.017,773.914
2745,660.490,709.928
2746,1276.010,752.746
2747,1210.980,915.748
2748,1166.030,776.702
2749,1148.190,723.923
2750,872.889,765.227
2751,1118.470,768.804
2752,1158.980,883.653
2753,615.939,1005.594
2754,789.477,1015.588
2755,754.242,881.690
2756,1067.370,857.474
2757,756.382,705.635
2758,1049.930,1004.833
2759,763.051,846.771
2760,939.733,939.874
2761,1065.560,984.540
2762,737.350,816.016
2763,831.589,668.188
2764,700.948,997.858
2765,855.157,1017.321
2766,1049.460,784.312
2767,794.662,770.703
2768,990.422,823.215
2769,1213.840,941.468
2770,689.093,829.064
2771,1156.810,962.827
2772,736.637,958.911
2773,925.648,827.578
2774,702.642,762.358
2775,933.678,800.289
2776,1194.440,1031.155
2777,790.785,860.764
2778,1090.880,1010.424
2779,567.135,800.532
2780,1150.520,973.537
2781,718.387,776.955
2782,892.101,901.895
2783,886.622,884.123
2784,606.344,817.419
2785,1030.260,873.011
2786,890.492,876.702
2787,956.001,1060.261
2788,806.844,908.541
2789,828.790,717.112
2790,808.554,1037.402
2791,769.668,803.389
2792,950.857,856.816
2793,662.177,773.976
2794,1222.890,1005.709
2795,828.062,890.744
2796,741.048,830.517
2797,725.067,775.092
2798,1379.890,991.131
2799,934.674,840.007
2800,993.438,823.666
2801,1157.600,965.238
2802,1218.010,798.256
2803,668.699,835.552
2804,1075.420,882.759
2805,631.544,787.120
2806,664.063,924.492
2807,955.072,947.833
2808,744.963,861.928
2809,874.471,815.217
2810,552.818,890.575
2811,632.365,941.442
2812,943.898,1058.314
2813,965.345,1015.227
2814,996.518,808.803
2815,1003.350,864.886
2816,836.070,867.350
2817,952.014,1007.101
2818,647.667,841.249
2819,948.676,979.766
2820,1089.060,978.352
2821,1069.660,782.602
2822,1024.350,915.386
2823,603.871,750.304
2824,757.441,761.239
2825,638.085,788.835
2826,824.214,862.937
2827,814.173,904.853
2828,722.973,790.738
2829,881.201,802.740
2830,1249.800,856.764
2831,898.870,782.597
2832,778.994,923.793
2833,693.798,887.264
2834,710.247,702.258
2835,736.471,888.416
2836,850.629,1025.924
2837,817.187,783.010
2838,1218.300,988.778
2839,628.831,865.722
2840,906.367,938.000
2841,1070.910,899.745
2842,677.328,724.618
2843,743.012,865.821
2844,719.810,716.307
2845,778.253,855.800
2846,1030.630,796.681
2847,625.806,797.654
2848,800.491,934.153
2849,649.505,826.363
2850,670.531,902.378
2851,688.435,830.141
2852,766.583,864.229
2853,934.305,914.880
2854,631.107,880.603
2855,1089.020,891.521
2856,976.697,833.750
2857,1030.860,985.399
2858,1064.410,992.108
2859,715.961,1028.917
2860,1330.610,886.611
2861,731.477,706.706
2862,867.898,886.880
2863,1106.330,914.198
2864,847.987,800.195
2865,951.372,833.592
2866,654.010,814.001
2867,719.685,949.528
2868,819.978,703.990
2869,892.466,868.679
2870,814.190,1002.673
2871,598.637,862.393
2872,909.555,957.480
2873,1054.730,757.465
2874,1189.740,688.023
2875,648.874,776.047
2876,636.539,789.584
2877,1028.680,1016.850
2878,645.976,857.673
2879,901.049,738.794
2880,1032.040,790.038
2881,840.205,806.536
2882,709.644,794.590
2883,830.346,856.132
2884,836.719,893.685
2885,908.315,757.682
2886,718.963,815.456
2887,1022.510,850.502
2888,935.362,743.980
2889,1089.490,901.009
2890,790.138,883.165
2891,1077.330,888.146
2892,771.865,960.183
2893,724.426,882.256
2894,1001.790,872.303
2895,901.562,813.237
2896,664.617,802.607
2897,804.575,992.726
2898,937.890,888.261
2899,908.478,790.141
2900,1378.890,914.026
2901,624.237,818.073
2902,728.316,875.827
2903,773.946,818.804
2904,704.312,761.957
2905,560.865,749.395
2906,1220.500,958.365
2907,779.925,858.404
2908,1116.770,885.379
2909,1062.210,908.598
2910,616.770,798.440
2911,827.094,861.140
2912,777.615,799.719
2913,1036.160,755.304
2914,832.393,922.893
2915,1030.840,945.137
2916,912.150,825.276
2917,1115.900,831.238
2918,535.712,692.396
2919,716.288,821.388
2920,679.569,822.641
2921,1167.300,872.775
2922,820.944,927.664
2923,798.416,834.524
2924,1103.940,852.043
2925,883.125,862.513
2926,757.049,968.257
2927,872.440,915.499
2928,818.045,910.510
2929,905.407,951.176
2930,681.387,787.992
2931,536.088,862.060
2932,958.556,985.789
2933,1162.040,832.561
2934,667.141,759.018
2935,1066.610,919.345
2936,837.019,742.300
2937,960.914,886.165
2938,922.105,1023.671
2939,724.508,929.643
2940,960.353,858.991
2941,757.716,770.313
2942,802.141,779.373
2943,709.149,835.568
2944,1091.980,921.434
2945,931.292,797.832
2946,1013.270,967.354
2947,909.837,807.195
2948,1142.280,836.416
2949,740.934,936.794
2950,778.595,910.970
2951,490.979,645.150
2952,638.212,764.707
2953,641.458,781.486
2954,684.252,902.221
2955,811.422,864.608
2956,819.419,903.695
2957,1025.900,1012.353
2958,580.946,906.369
2959,503.196,745.032
2960,1013.110,1020.811
2961,992.604,754.500
2962,956.147,771.283
2963,1129.900,908.843
2964,983.962,1005.886
2965,1222.630,866.623
2966,1075.120,894.150
2967,1250.110,816.440
2968,932.184,723.430
2969,890.254,982.262
2970,1056.440,842.775
2971,740.452,750.698
2972,584.541,685.470
2973,1044.790,859.803
2974,1036.580,934.457
2975,1248.520,813.708
2976,1314.390,891.055
2977,1221.990,909.681
2978,718.450,861.074
2979,762.723,987.349
2980,1335.900,1008.029
2981,1254.430,895.456
2982,1226.190,985.212
2983,655.117,902.812
2984,770.343,790.669
2985,865.519,852.075
2986,1123.710,1019.697
2987,633.156,710.912
2988,1024.580,964.757
2989,1256.130,1055.788
2990,947.083,760.400
2991,789.295,958.745
2992,899.737,730.466
2993,841.522,719.065
2994,704.957,813.614
2995,665.550,1003.862
2996,904.340,867.233
2997,984.803,944.390
2998,1054.500,838.711
2999,685.719,871.738
3000,1135.330,910.633
3001,748.862,888.904
3002,947.188,958.244
3003,777.519,705.404
3004,916.027,940.626
3005,1110.870,766.126
3006,638.266,848.840
3007,715.461,775.356
3008,1050.790,866.231
3009,1360.750,925.608
3010,980.174,958.273
3011,901.020,830.632
3012,1155.820,885.312
3013,699.874,886.364
3014,1205.260,976.305
3015,730.455,718.738
3016,1135.630,876.921
3017,1086.200,924.278
3018,672.473,1120.422
3019,552.876,877.068
3020,1136.930,744.645
3021,736.682,962.912
3022,889.057,769.898
3023,970.412,930.245
3024,731.974,928.477
3025,1067.090,1026.564
3026,595.584,794.503
3027,968.860,854.372
3028,1246.740,864.356
3029,892.182,938.863
3030,992.717,1061.276
3031,618.111,896.837
3032,872.671,857.826
3033,894.067,1043.564
3034,1175.960,779.497
3035,1216.620,883.777
3036,782.251,802.380
3037,683.259,734.431
3038,1170.450,1010.015
3039,678.094,778.205
3040,958.859,936.767
3041,698.776,916.359
3042,822.728,718.095
3043,1220.430,981.688
3044,652.951,850.210
3045,985.754,795.835
3046,1242.510,851.927
3047,809.668,919.083
3048,991.835,835.828
3049,872.185,742.135
3050,650.249,774.604
3051,894.760,926.410
3052,628.685,758.989
3053,749.077,873.323
3054,1294.750,875.105
3055,1016.580,881.665
3056,1178.450,780.846
3057,918.644,802.798
3058,762.829,872.410
3059,626.584,750.437
3060,649.577,796.468
3061,918.836,794.749
3062,760.721,896.651
3063,764.484,924.534
3064,1251.160,892.595
3065,841.599,850.633
3066,1243.120,817.278
3067,693.937,759.109
3068,910.583,888.108
3069,902.982,819.456
3070,621.947,788.146
3071,884.447,976.836
3072,653.758,875.844
3073,548.419,801.889
3074,985.534,987.823
3075,1256.070,801.292
3076,706.057,795.994
3077,696.507,775.157
3078,882.587,962.738
3079,886.724,895.795
3080,916.088,970.142
3081,711.702,889.071
3082,1235.560,926.700
3083,717.573,856.959
3084,748.509,931.093
3085,875.604,1026.285
3086,838.559,960.915
3087,1178.420,838.707
3088,947.988,779.341
3089,1033.270,777.858
3090,836.327,963.928
3091,657.574,890.205
3092,903.751,965.308
3093,915.134,790.727
3094,962.342,966.851
3095,646.154,884.729
3096,1043.970,874.679
3097,1150.070,794.702
3098,660.516,1021.846
3099,772.472,853.734
3100,1248.870,964.837
3101,773.748,852.126
3102,1142.670,893.510
3103,667.899,777.338
3104,1009.360,944.148
3105,559.947,799.275
3106,882.692,808.777
3107,1090.510,736.589
3108,1274.340,1001.958
3109,672.514,790.236
3110,893.458,1066.514
3111,612.865,786.762
3112,672.169,741.877
3113,1046.950,799.148
3114,697.676,782.980
3115,1031.580,1046.160
3116,707.177,812.741
3117,812.386,919.600
3118,576.983,721.413
3119,766.783,782.916
3120,1135.600,894.709
3121,1108.960,1021.221
3122,791.548,991.811
3123,843.215,950.054
3124,780.392,835.196
3125,979.372,739.906
3126,647.763,874.111
3127,627.082,800.788
3128,731.935,854.495
3129,1172.010,902.176
3130,1100.740,977.113
3131,1260.860,953.572
3132,1163.380,904.272
3133,683.242,847.950
3134,989.360,816.295
3135,1092.980,705.149
3136,737.422,715.391
3137,853.261,861.712
3138,908.648,867.448
3139,1108.880,995.245
3140,785.956,841.998
3141,479.731,893.961
3142,663.055,930.786
3143,831.139,839.375
3144,788.048,1060.913
3145,996.687,921.436
3146,1010.620,1057.383
3147,1008.580,831.504
3148,761.554,857.737
3149,669.372,859.908
3150,1140.100,1161.855
3151,760.413,1030.738
3152,664.633,709.814
3153,724.109,965.109
3154,972.307,891.812
3155,836.935,867.708
3156,843.597,901.832
3157,715.749,1129.226
3158,989.318,900.088
3159,1262.790,896.981
3160,1105.830,912.016
3161,759.290,836.911
3162,1164.470,1014.554
3163,550.024,764.015
3164,726.199,965.895
3165,720.124,926.693
3166,751.776,846.958
3167,910.678,1078.249
3168,904.086,898.535
3169,1089.700,1055.378
3170,765.604,1002.392
3171,851.976,1050.517
3172,705.107,796.343
3173,1184.450,792.215
3174,1337.880,833.699
3175,867.682,976.025
3176,1328.060,1052.067
3177,741.684,982.355
3178,1182.710,902.684
3179,871.909,883.161
3180,557.121,687.124
3181,1139.930,1066.443
3182,1068.380,1018.172
3183,955.288,905.830
3184,962.684,941.629
3185,875.234,817.693
3186,977.952,1003.534
3187,789.056,1066.631
3188,738.561,859.033
3189,754.132,881.981
3190,950.586,990.599
3191,925.540,910.750
3192,1078.760,840.403
3193,804.399,803.378
3194,619.695,849.851
3195,891.711,995.150
3196,1201.970,829.229
3197,574.698,728.598
3198,899.100,909.770
3199,950.517,946.676
3200,740.575,787.105
3201,1149.860,1027.375
3202,1125.800,811.887
3203,1268.070,953.762
3204,889.989,885.401
3205,707.880,846.924
3206,694.875,960.978
3207,742.968,810.023
3208,731.471,816.148
3209,898.176,869.626
3210,810.784,812.766
3211,711.565,936.652
3212,823.299,841.696
3213,916.703,712.290
3214,794.566,906.589
3215,705.191,820.137
3216,633.599,766.672
3217,938.412,865.370
3218,860.739,892.534
3219,719.326,991.357
3220,1104.680,798.907
3221,1012.740,835.494
3222,874.743,771.487
3223,754.574,782.512
3224,663.655,969.635
3225,699.029,1044.351
3226,762.555,982.395
3227,930.183,887.586
3228,653.577,871.197
3229,1019.430,925.245
3230,917.362,717.464
3231,1205.150,1037.753
3232,1190.280,900.520
3233,752.280,876.550
3234,814.220,747.329
3235,789.157,932.864
3236,1101.740,874.344
3237,1076.240,815.345
3238,895.798,765.612
3239,726.662,722.088
3240,915.428,947.908
3241,1184.360,951.436
3242,888.566,948.276
3243,496.322,766.406
3244,837.115,816.248
3245,669.290,890.026
3246,814.328,815.475
3247,1067.760,843.177
3248,1117.190,888.185
3249,879.447,797.828
3250,746.004,779.793
3251,779.259,965.844
3252,550.628,810.894
3253,1132.930,762.745
3254,922.556,722.180
3255,1234.140,705.329
3256,807.170,804.852
3257,1046.250,842.952
3258,619.812,706.639
3259,911.391,952.602
3260,777.102,776.969
3261,1017.300,774.413
3262,952.386,1037.070
3263,981.099,888.742
3264,1283.020,1011.130
3265,533.860,767.776
3266,1048.400,939.922
3267,884.536,874.829
3268,799.193,757.887
3269,641.039,812.582
3270,1199.190,830.974
3271,952.663,1040.905
3272,637.088,704.196
3273,943.841,968.135
3274,859.034,790.971
3275,1055.680,721.383
3276,1086.230,906.421
3277,782.399,859.472
3278,1177.360,867.872
3279,963.194,805.164
3280,744.839,805.873
3281,736.389,940.358
3282,786.103,1068.710
3283,1189.820,857.731
3284,1231.470,865.522
3285,889.245,883.068
3286,1175.530,944.458
3287,981.701,881.082
3288,850.909,923.481
3289,949.509,899.179
3290,973.499,834.661
3291,855.362,919.308
3292,727.277,840.394
3293,872.163,784.307
3294,924.850,1109.289
3295,886.596,1002.604
3296,1140.570,1100.261
3297,779.281,854.448
3298,629.001,776.982
3299,763.828,817.615
3300,632.042,822.442
3301,1326.110,1067.766
3302,1120.400,926.514
3303,854.762,904.775
3304,1029.340,914.901
3305,740.603,888.745
3306,827.846,1069.056
3307,1290.820,857.877
3308,650.151,856.671
3309,1045.860,771.089
3310,848.378,846.597
3311,585.681,787.563
3312,1118.940,869.414
3313,866.425,738.393
3314,1308.260,1046.217
3315,699.882,723.160
3316,1104.820,854.485
3317,712.499,813.315
3318,600.646,752.827
3319,759.872,865.473
3320,1141.700,729.023
3321,1002.980,896.406
3322,1078.930,852.877
3323,798.668,818.090
3324,607.550,794.425
3325,861.896,1064.184
3326,697.400,800.407
3327,739.176,1031.151
3328,1132.490,957.769
3329,934.773,938.150
3330,1165.560,866.604
3331,1129.800,928.722
3332,1256.170,959.372
3333,699.150,853.805
3334,581.912,685.671
3335,995.066,928.504
3336,991.873,1110.314
3337,1071.920,927.060
3338,992.319,782.329
3339,854.421,1155.760
3340,1206.980,863.059
3341,862.380,1045.366
3342,1212.090,895.921
3343,1328.780,909.366
3344,1059.480,845.237
3345,701.356,796.831
3346,787.839,721.925
3347,1115.210,812.882
3348,668.457,1064.803
3349,867.402,1016.354
3350,807.349,829.288
3351,737.162,975.501
3352,785.833,936.894
3353,1024.380,812.842
3354,879.877,855.393
3355,777.388,846.510
3356,757.654,1048.282
3357,1302.890,1010.503
3358,864.121,765.337
3359,643.516,805.014
3360,854.035,886.736
3361,741.088,983.195
3362,1140.430,777.378
3363,630.307,731.396
3364,971.536,844.845
3365,1109.890,759.868
3366,1186.030,735.896
3367,899.229,947.398
3368,986.334,857.359
3369,797.124,840.289
3370,882.105,780.038
3371,726.638,1153.615
3372,619.062,834.884
3373,944.371,817.003
3374,1096.450,993.735
3375,1017.200,913.669
3376,866.405,973.495
3377,679.908,773.812
3378,1204.420,893.612
3379,1016.670,850.695
3380,790.557,1037.334
3381,1076.720,763.562
3382,892.299,690.360
3383,546.414,757.273
3384,966.767,989.022
3385,588.747,733.043
3386,712.299,916.367
3387,683.201,932.953
3388,1021.960,815.804
3389,585.176,752.512
3390,734.804,1028.790
3391,796.479,943.390
3392,1270.680,896.481
3393,611.029,756.937
3394,990.255,1059.615
3395,822.918,810.268
3396,825.260,969.078
3397,892.447,914.256
3398,725.267,985.493
3399,1089.450,862.060
3400,957.161,1046.433
3401,563.587,793.449
3402,1186.720,971.730
3403,890.818,862.267
3404,671.618,987.063
3405,855.616,825.827
3406,470.605,668.279
3407,732.548,822.476
3408,771.468,688.850
3409,890.217,769.198
3410,979.005,884.261
3411,891.730,1002.446
3412,811.942,897.079
3413,867.510,890.108
3414,1109.350,712.802
3415,731.995,948.870
3416,780.186,780.858
3417,953.096,949.112
3418,862.280,705.257
3419,978.380,843.451
3420,629.702,893.013
3421,906.875,958.376
3422,620.002,809.410
3423,948.792,849.733
3424,1147.420,942.066
3425,821.160,818.036
3426,1058.690,952.351
3427,822.308,840.299
3428,1041.400,726.359
3429,774.415,820.878
3430,958.225,1021.770
3431,984.611,865.861
3432,971.388,866.861
3433,620.184,837.588
3434,1368.690,992.711
3435,595.279,911.816
3436,1077.070,1055.889
3437,781.995,867.843
3438,669.108,900.753
3439,790.901,788.492
3440,787.148,888.051
3441,576.406,860.665
3442,997.333,946.166
3443,869.100,767.832
3444,642.493,839.801
3445,986.343,800.235
3446,708.202,840.931
3447,978.306,920.765
3448,1104.300,740.375
3449,940.840,935.302
3450,772.829,751.427
3451,905.088,950.878
3452,1170.200,777.060
3453,1270.840,888.235
3454,726.199,754.403
3455,868.792,946.571
3456,917.534,1040.296
3457,1351.370,1023.774
3458,757.134,966.115
3459,884.978,990.561
3460,852.882,990.114
3461,812.683,929.251
3462,941.304,806.827
3463,1125.500,1037.723
3464,1245.150,819.749
3465,1050.580,765.497
3466,750.858,788.721
3467,1071.850,765.445
3468,1058.610,837.626
3469,780.935,940.307
3470,852.232,950.036
3471,907.307,828.036
3472,827.079,875.790
3473,818.601,950.945
3474,1094.870,942.385
3475,822.867,860.993
3476,1127.970,907.969
3477,857.879,1037.873
3478,986.946,766.796
3479,785.571,913.639
3480,993.153,829.735
3481,885.411,804.100
3482,865.482,873.340
3483,935.060,746.572
3484,699.724,959.286
3485,720.853,900.290
3486,796.086,887.156
3487,557.208,809.375
3488,683.712,913.870
3489,1171.280,1082.707
3490,643.772,706.140
3491,587.108,875.356
3492,965.803,777.579
3493,1259.910,998.269
3494,880.387,1000.272
3495,575.057,681.123
3496,648.564,805.166
3497,683.510,819.604
3498,697.203,833.458
3499,1050.440,917.110
3500,1044.850,712.771
3501,800.589,940.073
3502,884.947,862.649
3503,651.334,956.614
3504,942.285,819.940
3505,1181.130,771.114
3506,792.079,718.616
3507,1077.740,838.643
3508,844.705,888.244
3509,794.754,870.004
3510,788.156,817.232
3511,1007.500,862.623
3512,1055.000,872.605
3513,604.479,876.403
3514,750.365,1036.107
3515,916.858,791.208
3516,513.985,792.861
3517,1069.970,963.871
3518,773.610,859.415
3519,902.728,985.972
3520,1078.200,940.175
3521,955.812,876.988
3522,744.431,746.041
3523,1234.000,1087.625
3524,966.697,859.910
3525,1068.610,712.038
3526,909.922,915.665
3527,1009.210,904.551
3528,766.562,829.453
3529,1338.560,915.206
3530,569.374,698.947
3531,701.441,906.420
3532,683.558,877.294
3533,817.951,806.370
3534,773.963,845.347
3535,901.973,687.630
3536,727.703,825.354
