Detector type,Radius in m,Angle in rad,Height in m,Ring number,x in m,y in m,z in m
PMT,1.09972,-1.32776,-0.681467,2,0.264648,-0.681467,-1.0674
PMT,1.19881,-1.04089,-0.2537,,0.605947,-0.2537,-1.0344
PMT,1.09972,-1.02843,0.174067,,0.567633,0.174067,-0.941902
PMT,1.09972,-1.02843,0.601833,,0.567633,0.601833,-0.941902
PMT,1.19881,-1.04089,1.0296,,0.605947,1.0296,-1.0344
PMT,1.09972,-0.542363,-0.681467,,0.941901,-0.681467,-0.567633
PMT,1.09972,-0.542363,-0.2537,,0.941901,-0.2537,-0.567633
PMT,1.09972,-0.542363,0.174067,,0.941901,0.174067,-0.567633
PMT,1.19881,-0.52991,1.0296,,1.0344,1.0296,-0.605947
PMT,1.19881,-0.255488,-1.10923,,1.1599,-1.10923,-0.302961
PMT,1.19881,-0.255488,-0.2537,,1.1599,-0.2537,-0.302961
PMT,1.09972,-0.243035,0.174067,,1.0674,0.174067,-0.264648
PMT,1.09972,-0.243035,0.601833,,1.0674,0.601833,-0.264648
PMT,1.19881,0.255488,-1.10923,,1.1599,-1.10923,0.302961
PMT,1.19881,0.255488,-0.681467,,1.1599,-0.681467,0.302961
PMT,1.09972,0.243035,-0.2537,,1.0674,-0.2537,0.264648
PMT,1.09972,0.243035,0.174067,,1.0674,0.174067,0.264648
PMT,1.09972,0.243035,0.601833,,1.0674,0.601833,0.264648
PMT,1.19881,0.52991,-1.10923,,1.0344,-1.10923,0.605947
PMT,1.09972,0.542363,-0.681467,,0.941901,-0.681467,0.567633
PMT,1.19881,0.52991,-0.2537,,1.0344,-0.2537,0.605947
PMT,1.09972,0.542363,0.601833,,0.941901,0.601833,0.567633
PMT,1.19881,1.04089,-1.10923,,0.605947,-1.10923,1.0344
PMT,1.19881,1.04089,-0.681467,,0.605947,-0.681467,1.0344
PMT,1.09972,1.02843,-0.2537,,0.567633,-0.2537,0.941902
PMT,1.09972,1.02843,0.174067,,0.567633,0.174067,0.941902
PMT,1.19881,1.04089,1.0296,,0.605947,1.0296,1.0344
PMT,1.19881,1.31531,-1.10923,,0.302961,-1.10923,1.1599
PMT,1.09972,1.32776,-0.681467,,0.264648,-0.681467,1.0674
PMT,1.09972,1.32776,-0.2537,,0.264648,-0.2537,1.0674
PMT,1.09972,1.32776,0.174067,,0.264648,0.174067,1.0674
PMT,1.19881,1.82628,-1.10923,,-0.302961,-1.10923,1.1599
PMT,1.19881,1.82628,-0.681467,,-0.302961,-0.681467,1.1599
PMT,1.09972,1.81383,-0.2537,,-0.264648,-0.2537,1.0674
PMT,1.09972,1.81383,0.174067,,-0.264648,0.174067,1.0674
PMT,1.09972,1.81383,0.601833,,-0.264648,0.601833,1.0674
PMT,1.19881,2.10071,-1.10923,,-0.605947,-1.10923,1.0344
PMT,1.09972,2.11316,-0.681467,,-0.567633,-0.681467,0.941902
PMT,1.09972,2.11316,-0.2537,,-0.567633,-0.2537,0.941902
PMT,1.09972,2.11316,0.601833,,-0.567633,0.601833,0.941902
PMT,1.19881,2.61168,-1.10923,,-1.0344,-1.10923,0.605947
PMT,1.09972,2.59923,-0.681467,,-0.941901,-0.681467,0.567633
PMT,1.09972,2.59923,-0.2537,,-0.941901,-0.2537,0.567633
PMT,1.09972,2.59923,0.174067,,-0.941901,0.174067,0.567633
PMT,1.09972,2.59923,0.601833,,-0.941901,0.601833,0.567633
PMT,1.19881,2.8861,-1.10923,,-1.1599,-1.10923,0.302961
PMT,1.09972,2.89856,-0.681467,,-1.0674,-0.681467,0.264648
PMT,1.19881,2.8861,-0.2537,,-1.1599,-0.2537,0.302961
PMT,1.09972,2.89856,0.174067,,-1.0674,0.174067,0.264648
PMT,1.09972,2.89856,0.601833,,-1.0674,0.601833,0.264648
PMT,1.19881,2.8861,1.0296,,-1.1599,1.0296,0.302961
PMT,1.19881,-2.8861,-1.10923,,-1.1599,-1.10923,-0.302961
PMT,1.09972,-2.89856,-0.681467,,-1.0674,-0.681467,-0.264648
PMT,1.19881,-2.61168,-1.10923,,-1.0344,-1.10923,-0.605947
PMT,1.19881,-2.61168,1.0296,,-1.0344,1.0296,-0.605947
PMT,1.09972,-2.11316,-0.681467,,-0.567633,-0.681467,-0.941902
PMT,1.09972,-2.11316,0.174067,,-0.567633,0.174067,-0.941902
PMT,1.09972,-2.11316,0.601833,,-0.567633,0.601833,-0.941902
PMT,1.09972,-1.81383,-0.681467,,-0.264648,-0.681467,-1.0674
PMT,1.19881,-1.82628,1.0296,,-0.302961,1.0296,-1.1599
PMT,0.85,-0.589049,1.5327,,0.706749,1.5327,-0.472235
PMT,0.85,-1.37445,1.5327,,0.165827,1.5327,-0.833668
PMT,0.85,-2.15984,1.5327,,-0.472235,1.5327,-0.706749
PMT,0.85,-2.55254,1.5327,,-0.706749,1.5327,-0.472235
PMT,0.85,-2.94524,1.5327,,-0.833668,1.5327,-0.165827
PMT,0.85,2.94524,1.5327,,-0.833668,1.5327,0.165827
PMT,0.85,2.55254,1.5327,,-0.706749,1.5327,0.472235
PMT,0.85,2.15984,1.5327,,-0.472235,1.5327,0.706749
PMT,0.85,1.76715,1.5327,,-0.165827,1.5327,0.833667
PMT,0.85,1.37445,1.5327,,0.165827,1.5327,0.833667
PMT,0.85,0.981748,1.5327,,0.472235,1.5327,0.706749
PMT,0.85,0.196349,1.5327,,0.833668,1.5327,0.165827
PMT,0.3,-1.5708,1.5327,,2.13E-17,1.5327,-0.3
PMT,0.3,1.5708,1.5327,,-5.22E-17,1.5327,0.3
PMT,0.832042,2.54573,-1.63144,,-0.68865,-1.63144,0.466963
PMT,0.712376,2.88278,-1.63144,,-0.68865,-1.63144,0.182321
PMT,0.785877,1.86721,-1.63144,,-0.22955,-1.63144,0.751605
PMT,0.520334,2.02769,-1.63144,,-0.22955,-1.63144,0.466963
PMT,0.293145,2.47037,-1.63144,,-0.22955,-1.63144,0.182321
PMT,0.293145,-2.47037,-1.63144,,-0.22955,-1.63144,-0.182321
PMT,0.520334,-2.02769,-1.63144,,-0.22955,-1.63144,-0.466963
PMT,0.785877,1.27438,-1.63144,,0.22955,-1.63144,0.751605
PMT,0.520334,1.11391,-1.63144,,0.22955,-1.63144,0.466963
PMT,0.293145,0.671227,-1.63144,,0.22955,-1.63144,0.182321
PMT,0.293145,-0.671227,-1.63144,,0.22955,-1.63144,-0.182321
PMT,0.832042,0.595866,-1.63144,,0.68865,-1.63144,0.466963
PMT,0.712376,-0.258813,-1.63144,,0.68865,-1.63144,-0.182321
PMT,0.832042,-0.595866,-1.63144,,0.68865,-1.63144,-0.466963
LAPPD,1.26792,-1.55451,-0.867051,,0.0206428,-0.867051,-1.26775
LAPPD,1.2805,0.0895379,-0.882611,,1.27537,-0.882611,0.1145
LAPPD,1.27185,0.705108,-0.882167,,0.968568,-0.882167,0.824307
LAPPD,1.26825,0.813254,-0.844414,,0.871461,-0.844414,0.921415
LAPPD,1.26959,0.731558,-0.731503,,0.944749,-0.731503,0.848126
LAPPD,1.2717,0.706626,-0.850095,,0.967198,-0.850095,0.825677
LAPPD,1.2698,0.728638,-0.753456,,0.947374,-0.753456,0.845501
LAPPD,1.27109,0.71296,-0.853486,,0.961488,-0.853486,0.831388
LAPPD,1.26795,0.803019,-0.693886,,0.88064,-0.693886,0.912236
LAPPD,1.26796,0.767388,-0.750049,,0.912584,-0.750049,0.880291
LAPPD,1.26873,0.746095,-0.799413,,0.931689,-0.799413,0.861187
LAPPD,1.26813,0.761208,-0.754053,,0.918127,-0.754053,0.874748
LAPPD,1.26948,0.733288,-0.771805,,0.943194,-0.771805,0.849682
LAPPD,1.26799,0.765996,-0.778788,,0.913833,-0.778788,0.879042
LAPPD,1.27,0.844897,-0.750788,,0.843038,-0.750788,0.949837
LAPPD,1.26779,0.778145,-0.873382,,0.90294,-0.873382,0.889935
LAPPD,1.26785,0.773088,-0.861199,,0.907474,-0.861199,0.885402
LAPPD,1.26846,0.818861,-0.811071,,0.866429,-0.811071,0.926447
LAPPD,1.26805,0.807079,-0.825443,,0.877,-0.825443,0.915876
LAPPD,1.26836,0.816316,-0.781469,,0.868713,-0.781469,0.924163
LAPPD,1.26891,0.828113,-0.764661,,0.858123,-0.764661,0.934752
LAPPD,1.27101,0.856939,-0.731576,,0.832196,-0.731576,0.960679
LAPPD,1.26893,0.82842,-0.848204,,0.857848,-0.848204,0.935028
LAPPD,1.26891,0.828048,-0.824547,,0.858181,-0.824547,0.934694
LAPPD,1.26837,0.816541,-0.84237,,0.868511,-0.84237,0.924364
LAPPD,1.26816,0.810801,-0.865215,,0.873661,-0.865215,0.919215
LAPPD,1.26829,0.814424,-0.888555,,0.870411,-0.888555,0.922465
LAPPD,1.26896,0.829008,-0.872279,,0.85732,-0.872279,0.935556
LAPPD,1.27185,0.865696,-0.865889,,0.824301,-0.865889,0.968575
LAPPD,1.27104,0.857325,-0.882799,,0.831848,-0.882799,0.961027
LAPPD,1.26855,0.820888,-0.717562,,0.86461,-0.717562,0.928266
LAPPD,1.27003,0.84533,-0.0898811,,0.842648,-0.0898811,0.950228
LAPPD,1.27177,1.65033,-0.758294,,-0.101046,-0.758294,1.26775
LAPPD,1.27071,1.63899,-0.709234,,-0.0865885,-0.709234,1.26775
LAPPD,1.27025,1.50811,-0.755332,,0.0795715,-0.755332,1.26775
LAPPD,1.26778,1.56415,-0.733156,,0.00842374,-0.733156,1.26775
LAPPD,1.27019,1.63274,-0.737571,,-0.0786274,-0.737571,1.26775
LAPPD,1.27064,1.63818,-0.855692,,-0.0855547,-0.855692,1.26775
LAPPD,1.26998,1.63004,-0.852424,,-0.0751942,-0.852424,1.26775
LAPPD,1.26792,1.58701,-0.776751,,-0.0205551,-0.776751,1.26775
LAPPD,1.26805,1.54931,-0.751744,,0.0272391,-0.751744,1.26775
LAPPD,1.26778,1.57707,-0.776646,,-0.00795244,-0.776646,1.26775
LAPPD,1.2683,1.60011,-0.846583,,-0.0371745,-0.846583,1.26775
LAPPD,1.26776,1.57373,-0.815546,,-0.00372259,-0.815546,1.26775
LAPPD,1.26956,1.51751,-0.70396,,0.0676196,-0.70396,1.26775
LAPPD,1.27148,1.49419,-0.721217,,0.0973029,-0.721217,1.26775
LAPPD,1.26785,1.55878,-0.790718,,0.015239,-0.790718,1.26775
LAPPD,1.26933,1.52092,-0.8714,,0.0632893,-0.8714,1.26775
LAPPD,1.27107,1.4985,-0.816846,,0.0918167,-0.816846,1.26775
LAPPD,1.26928,1.52172,-0.86551,,0.0622612,-0.86551,1.26775
LAPPD,1.27047,1.50542,-0.852739,,0.0830006,-0.852739,1.26775
LAPPD,1.27096,1.49976,-0.877259,,0.0902143,-0.877259,1.26775
LAPPD,1.27156,1.49336,-0.0101491,,0.0983654,-0.0101491,1.26775
LAPPD,1.27106,2.4283,-0.737289,,-0.961192,-0.737289,0.831684
,,,,,,,
,,,,,,,
,,,,,,,
PMT,1.09972,-0.542363,0.174067,8,0.941901,0.174067,-0.567633
PMT,1.19881,1.04089,1.0296,,0.605947,1.0296,1.0344
PMT,1.19881,2.61168,1.0296,,-1.0344,1.0296,0.605947
PMT,1.09972,-2.89856,-0.681467,,-1.0674,-0.681467,-0.264648
PMT,1.09972,-2.59923,0.601833,,-0.941901,0.601833,-0.567633
PMT,0.85,-2.55254,1.5327,,-0.706749,1.5327,-0.472235
PMT,0.85,-2.94524,1.5327,,-0.833668,1.5327,-0.165827
PMT,0.85,2.94524,1.5327,,-0.833668,1.5327,0.165827
PMT,0.85,2.15984,1.5327,,-0.472235,1.5327,0.706749
PMT,0.85,0.981748,1.5327,,0.472235,1.5327,0.706749
PMT,0.85,0.196349,1.5327,,0.833668,1.5327,0.165827
PMT,0.3,-1.5708,1.5327,,2.13E-17,1.5327,-0.3
PMT,0.785877,-1.86721,-1.63144,,-0.22955,-1.63144,-0.751605
LAPPD,1.26798,-1.55204,-0.730066,,0.0237786,-0.730066,-1.26775
LAPPD,1.27873,-1.51471,-0.6725,,0.0716813,-0.6725,-1.27672
LAPPD,1.2713,-1.4961,0.860684,,0.0948762,0.860684,-1.26775
LAPPD,1.2679,-0.770435,0.0918696,,0.909852,0.0918696,-0.883024
LAPPD,1.27859,-0.0480813,0.11,,1.27711,0.11,-0.0614524
LAPPD,1.26937,-0.0504198,0.0793791,,1.26775,0.0793791,-0.0639741
LAPPD,1.26929,0.0492288,0.0230072,,1.26775,0.0230072,0.0624605
LAPPD,1.26875,0.0396384,-0.0401304,,1.26775,-0.0401304,0.050278
LAPPD,1.26897,0.0438325,0.772618,,1.26775,0.772618,0.0556045
LAPPD,1.26793,0.0164382,0.798589,,1.26775,0.798589,0.0208415
LAPPD,1.27005,-0.0601207,0.690336,,1.26775,0.690336,-0.0763103
LAPPD,1.2686,0.821821,-0.741283,,0.863773,-0.741283,0.929103
LAPPD,1.27215,0.868572,-0.712887,,0.821705,-0.712887,0.97117
LAPPD,1.26777,0.790477,-0.864834,,0.891885,-0.864834,0.900991
LAPPD,1.27159,0.707698,0.102565,,0.966232,0.102565,0.826644
LAPPD,1.27057,0.718757,0.0172012,,0.956266,0.0172012,0.83661
LAPPD,1.28674,0.75779,-0.109184,,0.934629,-0.109184,0.884396
LAPPD,1.26976,0.729169,-0.0261526,,0.946896,-0.0261526,0.845979
LAPPD,1.26907,0.739931,-0.0114813,,0.937224,-0.0114813,0.855651
LAPPD,1.27019,0.723482,0.0800785,,0.952013,0.0800785,0.840862
LAPPD,1.26778,0.779655,0.0937354,,0.901587,0.0937354,0.891289
LAPPD,1.27067,0.717632,0.8172,,0.957279,0.8172,0.835597
LAPPD,1.26899,0.82962,0.727337,,0.856769,0.727337,0.936106
LAPPD,1.29076,1.65443,-0.835859,,-0.107825,-0.835859,1.28625
LAPPD,1.26923,1.52254,-0.769422,,0.0612302,-0.769422,1.26775
LAPPD,1.27215,1.65394,-0.791648,,-0.105647,-0.791648,1.26775
LAPPD,1.28917,1.50347,0.106193,,0.0867336,0.106193,1.28625
LAPPD,1.26847,1.53725,0.101899,,0.0425492,0.101899,1.26775
LAPPD,1.27349,1.54295,0.11,,0.0354609,0.11,1.273
LAPPD,1.28279,1.48142,0.727771,,0.1145,0.727771,1.27767
LAPPD,1.26898,1.52687,0.815452,,0.0557297,0.815452,1.26775
LAPPD,1.26775,1.5698,0.857316,,0.00125748,0.857316,1.26775
LAPPD,1.26863,2.39344,0.0294612,,-0.929844,0.0294612,0.863032
LAPPD,1.27598,2.42559,0.11,,-0.962645,0.11,0.837519
LAPPD,1.2691,2.31008,-0.0873842,,-0.855065,-0.0873842,0.93781
LAPPD,1.26971,2.41176,-0.0245823,,-0.946299,-0.0245823,0.846577
LAPPD,1.26778,2.36292,-0.0212404,,-0.902463,-0.0212404,0.890412
LAPPD,1.26798,2.33726,-0.0987649,,-0.879464,-0.0987649,0.913412
LAPPD,1.27117,2.28292,0.838461,,-0.830635,0.838461,0.96224
LAPPD,1.26847,2.38989,0.756719,,-0.926652,0.756719,0.866223
LAPPD,1.27084,2.42589,0.863792,,-0.959017,0.863792,0.833859
LAPPD,1.26817,2.3306,0.844251,,-0.873493,0.844251,0.919383
LAPPD,1.26944,2.40775,0.884114,,-0.942699,0.884114,0.850177
LAPPD,1.2678,2.34801,0.812033,,-0.889102,0.812033,0.903773
LAPPD,1.26777,2.35181,0.86024,,-0.892511,0.86024,0.900364
LAPPD,1.27145,2.27989,0.744043,,-0.827902,0.744043,0.964973
LAPPD,1.26994,2.29757,0.807414,,-0.843825,0.807414,0.94905
LAPPD,1.26927,2.40508,0.793674,,-0.940299,0.793674,0.852576
LAPPD,1.27156,2.43357,0.724739,,-0.965938,0.724739,0.826937
LAPPD,1.26917,2.30896,0.781569,,-0.854064,0.781569,0.938812
LAPPD,1.26973,2.41196,0.749007,,-0.946483,0.749007,0.846393
LAPPD,1.27105,2.28413,0.702503,,-0.831722,0.702503,0.961153
LAPPD,1.26935,2.30598,0.687127,,-0.851385,0.687127,0.94149
LAPPD,1.26782,2.36598,0.782801,,-0.90521,0.782801,0.887666
LAPPD,1.27102,2.42789,0.871393,,-0.960816,0.871393,0.832059
LAPPD,1.2727,3.05338,-0.0379968,,-1.26775,-0.0379968,0.112129
LAPPD,1.26799,3.12214,0.800992,,-1.26775,0.800992,0.0246641
LAPPD,1.26907,3.09608,0.871781,,-1.26775,0.871781,0.0577401
LAPPD,1.2685,3.10741,0.884455,,-1.26775,0.884455,0.0433581
LAPPD,1.26861,3.10491,0.855876,,-1.26775,0.855876,0.0465252
LAPPD,1.27052,-3.07556,0.868047,,-1.26775,0.868047,-0.0838354
LAPPD,1.27071,-3.07343,0.883192,,-1.26775,0.883192,-0.0865525
LAPPD,1.27185,3.06136,0.820114,,-1.26775,0.820114,0.101928
LAPPD,1.26783,3.13082,0.789912,,-1.26775,0.789912,0.0136599
LAPPD,1.28479,-2.40059,0.11,,-0.947908,0.11,-0.867266
LAPPD,1.27015,-2.29482,0.711618,,-0.841346,0.711618,-0.95153
LAPPD,1.27032,-2.29266,0.85573,,-0.839408,0.85573,-0.953467
,,,,,,,
,,,,,,,
,,,,,,,
PMT,1.09972,-1.32776,-0.681467,3,0.264648,-0.681467,-1.0674
PMT,1.09972,-1.32776,-0.2537,,0.264648,-0.2537,-1.0674
PMT,1.09972,-1.32776,0.174067,,0.264648,0.174067,-1.0674
PMT,1.09972,-1.32776,0.601833,,0.264648,0.601833,-1.0674
PMT,1.19881,-1.04089,-1.10923,,0.605947,-1.10923,-1.0344
PMT,1.09972,-1.02843,-0.681467,,0.567633,-0.681467,-0.941902
PMT,1.19881,-1.04089,-0.2537,,0.605947,-0.2537,-1.0344
PMT,1.09972,-1.02843,0.174067,,0.567633,0.174067,-0.941902
PMT,1.09972,-1.02843,0.601833,,0.567633,0.601833,-0.941902
PMT,1.19881,-1.04089,1.0296,,0.605947,1.0296,-1.0344
PMT,1.19881,-0.52991,-1.10923,,1.0344,-1.10923,-0.605947
PMT,1.09972,-0.542363,-0.681467,,0.941901,-0.681467,-0.567633
PMT,1.09972,-0.542363,-0.2537,,0.941901,-0.2537,-0.567633
PMT,1.09972,-0.542363,0.174067,,0.941901,0.174067,-0.567633
PMT,1.09972,-0.542363,0.601833,,0.941901,0.601833,-0.567633
PMT,1.19881,-0.52991,1.0296,,1.0344,1.0296,-0.605947
PMT,1.19881,-0.255488,-1.10923,,1.1599,-1.10923,-0.302961
PMT,1.09972,-0.243035,-0.681467,,1.0674,-0.681467,-0.264648
PMT,1.19881,-0.255488,-0.2537,,1.1599,-0.2537,-0.302961
PMT,1.09972,-0.243035,0.174067,,1.0674,0.174067,-0.264648
PMT,1.09972,-0.243035,0.601833,,1.0674,0.601833,-0.264648
PMT,1.19881,-0.255488,1.0296,,1.1599,1.0296,-0.302961
PMT,1.19881,0.255488,-1.10923,,1.1599,-1.10923,0.302961
PMT,1.19881,0.255488,-0.681467,,1.1599,-0.681467,0.302961
PMT,1.09972,0.243035,-0.2537,,1.0674,-0.2537,0.264648
PMT,1.09972,0.243035,0.174067,,1.0674,0.174067,0.264648
PMT,1.09972,0.243035,0.601833,,1.0674,0.601833,0.264648
PMT,1.19881,0.52991,-1.10923,,1.0344,-1.10923,0.605947
PMT,1.09972,0.542363,-0.681467,,0.941901,-0.681467,0.567633
PMT,1.19881,0.52991,-0.2537,,1.0344,-0.2537,0.605947
PMT,1.09972,0.542363,0.174067,,0.941901,0.174067,0.567633
PMT,1.09972,0.542363,0.601833,,0.941901,0.601833,0.567633
PMT,1.19881,0.52991,1.0296,,1.0344,1.0296,0.605947
PMT,1.19881,1.04089,-1.10923,,0.605947,-1.10923,1.0344
PMT,1.19881,1.04089,-0.681467,,0.605947,-0.681467,1.0344
PMT,1.09972,1.02843,-0.2537,,0.567633,-0.2537,0.941902
PMT,1.09972,1.02843,0.174067,,0.567633,0.174067,0.941902
PMT,1.09972,1.02843,0.601833,,0.567633,0.601833,0.941902
PMT,1.19881,1.31531,-1.10923,,0.302961,-1.10923,1.1599
PMT,1.09972,1.32776,-0.681467,,0.264648,-0.681467,1.0674
PMT,1.09972,1.32776,-0.2537,,0.264648,-0.2537,1.0674
PMT,1.09972,1.32776,0.174067,,0.264648,0.174067,1.0674
PMT,1.09972,1.32776,0.601833,,0.264648,0.601833,1.0674
PMT,1.19881,1.31531,1.0296,,0.302961,1.0296,1.1599
PMT,1.19881,1.82628,-1.10923,,-0.302961,-1.10923,1.1599
PMT,1.19881,1.82628,-0.681467,,-0.302961,-0.681467,1.1599
PMT,1.09972,1.81383,-0.2537,,-0.264648,-0.2537,1.0674
PMT,1.09972,1.81383,0.174067,,-0.264648,0.174067,1.0674
PMT,1.09972,1.81383,0.601833,,-0.264648,0.601833,1.0674
PMT,1.19881,1.82628,1.0296,,-0.302961,1.0296,1.1599
PMT,1.19881,2.10071,-1.10923,,-0.605947,-1.10923,1.0344
PMT,1.09972,2.11316,-0.681467,,-0.567633,-0.681467,0.941902
PMT,1.09972,2.11316,-0.2537,,-0.567633,-0.2537,0.941902
PMT,1.09972,2.11316,0.174067,,-0.567633,0.174067,0.941902
PMT,1.09972,2.11316,0.601833,,-0.567633,0.601833,0.941902
PMT,1.19881,2.10071,1.0296,,-0.605947,1.0296,1.0344
PMT,1.19881,2.61168,-1.10923,,-1.0344,-1.10923,0.605947
PMT,1.09972,2.59923,-0.681467,,-0.941901,-0.681467,0.567633
PMT,1.09972,2.59923,-0.2537,,-0.941901,-0.2537,0.567633
PMT,1.09972,2.59923,0.174067,,-0.941901,0.174067,0.567633
PMT,1.09972,2.59923,0.601833,,-0.941901,0.601833,0.567633
PMT,1.19881,2.61168,1.0296,,-1.0344,1.0296,0.605947
PMT,1.19881,2.8861,-1.10923,,-1.1599,-1.10923,0.302961
PMT,1.09972,2.89856,-0.681467,,-1.0674,-0.681467,0.264648
PMT,1.19881,2.8861,-0.2537,,-1.1599,-0.2537,0.302961
PMT,1.09972,2.89856,0.174067,,-1.0674,0.174067,0.264648
PMT,1.09972,2.89856,0.601833,,-1.0674,0.601833,0.264648
PMT,1.19881,2.8861,1.0296,,-1.1599,1.0296,0.302961
PMT,1.19881,-2.8861,-1.10923,,-1.1599,-1.10923,-0.302961
PMT,1.09972,-2.89856,-0.681467,,-1.0674,-0.681467,-0.264648
PMT,1.09972,-2.89856,-0.2537,,-1.0674,-0.2537,-0.264648
PMT,1.09972,-2.89856,0.174067,,-1.0674,0.174067,-0.264648
PMT,1.09972,-2.89856,0.601833,,-1.0674,0.601833,-0.264648
PMT,1.19881,-2.8861,1.0296,,-1.1599,1.0296,-0.302961
PMT,1.19881,-2.61168,-1.10923,,-1.0344,-1.10923,-0.605947
PMT,1.09972,-2.59923,-0.681467,,-0.941901,-0.681467,-0.567633
PMT,1.19881,-2.61168,-0.2537,,-1.0344,-0.2537,-0.605947
PMT,1.09972,-2.59923,0.174067,,-0.941901,0.174067,-0.567633
PMT,1.09972,-2.59923,0.601833,,-0.941901,0.601833,-0.567633
PMT,1.19881,-2.10071,-1.10923,,-0.605947,-1.10923,-1.0344
PMT,1.09972,-2.11316,-0.681467,,-0.567633,-0.681467,-0.941902
PMT,1.09972,-2.11316,-0.2537,,-0.567633,-0.2537,-0.941902
PMT,1.09972,-2.11316,0.174067,,-0.567633,0.174067,-0.941902
PMT,1.09972,-2.11316,0.601833,,-0.567633,0.601833,-0.941902
PMT,1.19881,-2.10071,1.0296,,-0.605947,1.0296,-1.0344
PMT,1.19881,-1.82628,-1.10923,,-0.302961,-1.10923,-1.1599
PMT,1.09972,-1.81383,-0.681467,,-0.264648,-0.681467,-1.0674
PMT,1.19881,-1.82628,-0.2537,,-0.302961,-0.2537,-1.1599
PMT,1.09972,-1.81383,0.174067,,-0.264648,0.174067,-1.0674
PMT,1.09972,-1.81383,0.601833,,-0.264648,0.601833,-1.0674
PMT,1.19881,-1.82628,1.0296,,-0.302961,1.0296,-1.1599
PMT,0.85,-0.19635,1.5327,,0.833668,1.5327,-0.165827
PMT,0.85,-0.589049,1.5327,,0.706749,1.5327,-0.472235
PMT,0.85,-0.981748,1.5327,,0.472235,1.5327,-0.706749
PMT,0.85,-1.37445,1.5327,,0.165827,1.5327,-0.833668
PMT,0.85,-1.76715,1.5327,,-0.165827,1.5327,-0.833668
PMT,0.85,-2.15984,1.5327,,-0.472235,1.5327,-0.706749
PMT,0.85,-2.55254,1.5327,,-0.706749,1.5327,-0.472235
PMT,0.85,2.94524,1.5327,,-0.833668,1.5327,0.165827
PMT,0.85,2.55254,1.5327,,-0.706749,1.5327,0.472235
PMT,0.85,2.15984,1.5327,,-0.472235,1.5327,0.706749
PMT,0.85,1.76715,1.5327,,-0.165827,1.5327,0.833667
PMT,0.85,1.37445,1.5327,,0.165827,1.5327,0.833667
PMT,0.85,0.981748,1.5327,,0.472235,1.5327,0.706749
PMT,0.85,0.589049,1.5327,,0.706749,1.5327,0.472235
PMT,0.85,0.196349,1.5327,,0.833668,1.5327,0.165827
PMT,0.3,0,1.5327,,0.3,1.5327,0
PMT,0.3,-1.5708,1.5327,,2.13E-17,1.5327,-0.3
PMT,0.3,3.14159,1.5327,,-0.3,1.5327,0
PMT,0.3,1.5708,1.5327,,-5.22E-17,1.5327,0.3
PMT,0.832042,2.54573,-1.63144,,-0.68865,-1.63144,0.466963
PMT,0.712376,2.88278,-1.63144,,-0.68865,-1.63144,0.182321
PMT,0.712376,-2.88278,-1.63144,,-0.68865,-1.63144,-0.182321
PMT,0.832042,-2.54573,-1.63144,,-0.68865,-1.63144,-0.466963
PMT,0.785877,1.86721,-1.63144,,-0.22955,-1.63144,0.751605
PMT,0.520334,2.02769,-1.63144,,-0.22955,-1.63144,0.466963
PMT,0.293145,2.47037,-1.63144,,-0.22955,-1.63144,0.182321
PMT,0.293145,-2.47037,-1.63144,,-0.22955,-1.63144,-0.182321
PMT,0.520334,-2.02769,-1.63144,,-0.22955,-1.63144,-0.466963
PMT,0.785877,-1.86721,-1.63144,,-0.22955,-1.63144,-0.751605
PMT,0.785877,1.27438,-1.63144,,0.22955,-1.63144,0.751605
PMT,0.520334,1.11391,-1.63144,,0.22955,-1.63144,0.466963
PMT,0.293145,0.671227,-1.63144,,0.22955,-1.63144,0.182321
PMT,0.293145,-0.671227,-1.63144,,0.22955,-1.63144,-0.182321
PMT,0.520334,-1.11391,-1.63144,,0.22955,-1.63144,-0.466963
PMT,0.785877,-1.27438,-1.63144,,0.22955,-1.63144,-0.751605
PMT,0.832042,0.595866,-1.63144,,0.68865,-1.63144,0.466963
PMT,0.712376,0.258813,-1.63144,,0.68865,-1.63144,0.182321
PMT,0.712376,-0.258813,-1.63144,,0.68865,-1.63144,-0.182321
PMT,0.832042,-0.595866,-1.63144,,0.68865,-1.63144,-0.466963
LAPPD,1.26996,-1.51182,-0.761146,,0.0748507,-0.761146,-1.26775
LAPPD,1.27119,-1.49724,0.10167,,0.0934141,0.10167,-1.26775
LAPPD,1.2689,-1.52833,-0.059287,,0.0538641,-0.059287,-1.26775
LAPPD,1.26899,-0.829587,0.0243894,,0.856799,0.0243894,-0.936076
LAPPD,1.27041,-0.720773,0.0840258,,0.954451,0.0840258,-0.838425
LAPPD,1.27017,-0.847036,-0.0438097,,0.841113,-0.0438097,-0.951762
LAPPD,1.26949,-0.837666,0.0509381,,0.84954,0.0509381,-0.943335
LAPPD,1.26973,-0.841182,0.70989,,0.846379,0.70989,-0.946496
LAPPD,1.2683,-0.755999,0.708287,,0.9228,0.708287,-0.870076
LAPPD,1.26809,0.0231441,0.067,,1.26775,0.067,0.0293462
LAPPD,1.26778,0.791524,-0.855894,,0.890946,-0.855894,0.90193
LAPPD,1.26806,0.807433,-0.878384,,0.876682,-0.878384,0.916194
LAPPD,1.26776,0.788323,-0.872681,,0.893816,-0.872681,0.89906
LAPPD,1.26801,0.765222,-0.875622,,0.914526,-0.875622,0.878349
LAPPD,1.26938,0.836061,-0.876482,,0.850982,-0.876482,0.941893
LAPPD,1.27124,0.711366,-0.787847,,0.962924,-0.787847,0.829951
LAPPD,1.26937,0.734904,-0.712709,,0.941741,-0.712709,0.851135
LAPPD,1.26946,0.733594,-0.781616,,0.942919,-0.781616,0.849957
LAPPD,1.26906,0.740063,-0.730834,,0.937106,-0.730834,0.855769
LAPPD,1.26842,0.753021,-0.740937,,0.925472,-0.740937,0.867403
LAPPD,1.26842,0.752984,-0.87987,,0.925505,-0.87987,0.86737
LAPPD,1.26819,0.75927,-0.852262,,0.919865,-0.852262,0.873011
LAPPD,1.26833,0.755232,-0.710472,,0.923488,-0.710472,0.869388
LAPPD,1.2681,0.808909,-0.869704,,0.875357,-0.869704,0.917518
LAPPD,1.26815,0.810298,-0.847236,,0.874112,-0.847236,0.918764
LAPPD,1.26804,0.8065,-0.734044,,0.877518,-0.734044,0.915357
LAPPD,1.26785,0.797476,-0.703668,,0.88561,-0.703668,0.907265
LAPPD,1.26777,0.790169,-0.750362,,0.892161,-0.750362,0.900715
LAPPD,1.27012,0.846498,-0.761297,,0.841597,-0.761297,0.951278
LAPPD,1.26881,0.826265,-0.712867,,0.859783,-0.712867,0.933093
LAPPD,1.27081,0.854794,-0.835854,,0.834129,-0.835854,0.958746
LAPPD,1.27042,0.850248,-0.684169,,0.838222,-0.684169,0.954653
LAPPD,1.27112,0.858236,-0.70959,,0.831028,-0.70959,0.961848
LAPPD,1.27135,0.860574,-0.823769,,0.82892,-0.823769,0.963956
LAPPD,1.26835,0.754696,-0.082665,,0.923969,-0.082665,0.868906
LAPPD,1.27119,0.77104,-0.11,,0.911679,-0.11,0.885868
LAPPD,1.26814,0.810072,0.035671,,0.874315,0.035671,0.91856
LAPPD,1.27001,0.845068,0.0822729,,0.842884,0.0822729,0.949992
LAPPD,1.26899,0.82959,0.0540422,,0.856797,0.0540422,0.936078
LAPPD,1.26799,0.804877,-0.0663704,,0.878974,-0.0663704,0.913902
LAPPD,1.27079,0.854587,-0.105267,,0.834315,-0.105267,0.958561
LAPPD,1.26776,0.7821,0.0832996,,0.899394,0.0832996,0.893481
LAPPD,1.26786,1.55774,-0.69517,,0.0165534,-0.69517,1.26775
LAPPD,1.26828,1.59963,-0.866415,,-0.0365581,-0.866415,1.26775
LAPPD,1.26883,1.52963,-0.685086,,0.0522181,-0.685086,1.26775
LAPPD,1.26899,1.61495,-0.811814,,-0.0560108,-0.811814,1.26775
LAPPD,1.27159,1.49307,-0.852507,,0.098735,-0.852507,1.26775
LAPPD,1.27023,1.50832,-0.880834,,0.0793136,-0.880834,1.26775
LAPPD,1.26919,1.52324,-0.874527,,0.0603293,-0.874527,1.26775
LAPPD,1.26994,1.51215,-0.82523,,0.0744404,-0.82523,1.26775
LAPPD,1.2702,1.50869,-0.696453,,0.0788397,-0.696453,1.26775
LAPPD,1.26905,1.52554,-0.780526,,0.0574131,-0.780526,1.26775
LAPPD,1.26792,1.55466,-0.849016,,0.020464,-0.849016,1.26775
LAPPD,1.26895,1.52747,-0.719518,,0.0549654,-0.719518,1.26775
LAPPD,1.26777,1.5657,-0.879327,,0.00645924,-0.879327,1.26775
LAPPD,1.26784,1.58252,-0.832658,,-0.0148623,-0.832658,1.26775
LAPPD,1.26814,1.54614,-0.777362,,0.0312675,-0.777362,1.26775
LAPPD,1.2681,1.54746,-0.817138,,0.0295963,-0.817138,1.26775
LAPPD,1.26832,1.54096,-0.754956,,0.0378334,-0.754956,1.26775
LAPPD,1.26804,1.54943,-0.715384,,0.0270929,-0.715384,1.26775
LAPPD,1.26778,1.56455,-0.767424,,0.00792194,-0.767424,1.26775
LAPPD,1.2678,1.56196,-0.76068,,0.011206,-0.76068,1.26775
LAPPD,1.26781,1.56114,-0.723013,,0.0122396,-0.723013,1.26775
LAPPD,1.26784,1.58236,-0.831334,,-0.0146633,-0.831334,1.26775
LAPPD,1.26776,1.56723,-0.681587,,0.00452307,-0.681587,1.26775
LAPPD,1.26777,1.57564,-0.714225,,-0.00614018,-0.714225,1.26775
LAPPD,1.26794,1.5881,-0.69832,,-0.0219445,-0.69832,1.26775
LAPPD,1.269,1.61502,-0.8419,,-0.056105,-0.8419,1.26775
LAPPD,1.26797,1.58932,-0.742268,,-0.0234857,-0.742268,1.26775
LAPPD,1.26853,1.60569,-0.800582,,-0.0442514,-0.800582,1.26775
LAPPD,1.2685,1.60501,-0.706454,,-0.0433949,-0.706454,1.26775
LAPPD,1.26953,1.62368,-0.86494,,-0.0671068,-0.86494,1.26775
LAPPD,1.26938,1.62136,-0.845591,,-0.0641564,-0.845591,1.26775
LAPPD,1.26916,1.61794,-0.81931,,-0.0598072,-0.81931,1.26775
LAPPD,1.27155,1.64808,-0.865555,,-0.0981723,-0.865555,1.26775
LAPPD,1.2692,1.61856,-0.728514,,-0.0606004,-0.728514,1.26775
LAPPD,1.27218,1.65424,-0.863284,,-0.106028,-0.863284,1.26775
LAPPD,1.27005,1.63092,-0.750415,,-0.0763159,-0.750415,1.26775
LAPPD,1.27018,1.63264,-0.789526,,-0.0785013,-0.789526,1.26775
LAPPD,1.27111,1.64349,-0.813735,,-0.092319,-0.813735,1.26775
LAPPD,1.26933,1.6206,-0.699352,,-0.063187,-0.699352,1.26775
LAPPD,1.27191,1.65169,-0.803578,,-0.10278,-0.803578,1.26775
LAPPD,1.27344,1.66083,-0.856188,,-0.1145,-0.856188,1.26828
LAPPD,1.27481,1.66073,-0.826549,,-0.1145,-0.826549,1.26966
LAPPD,1.28967,1.64364,-0.885105,,-0.0938563,-0.885105,1.28625
LAPPD,1.26957,1.62435,-0.680365,,-0.0679614,-0.680365,1.26775
LAPPD,1.27182,1.49078,-0.0192198,,0.101661,-0.0192198,1.26775
LAPPD,1.27068,1.63869,-0.0100379,,-0.0862101,-0.0100379,1.26775
LAPPD,1.27136,1.4955,0.0820035,,0.095637,0.0820035,1.26775
LAPPD,1.26863,1.53371,0.0851688,,0.0470319,0.0851688,1.26775
LAPPD,1.26831,1.5411,0.0600449,,0.037659,0.0600449,1.26775
LAPPD,1.26801,1.59106,0.054872,,-0.0256916,0.054872,1.26775
LAPPD,1.26793,1.58737,0.0576826,,-0.0210076,0.0576826,1.26775
LAPPD,1.2686,1.53421,-0.0470169,,0.0464036,-0.0470169,1.26775
LAPPD,1.26806,1.54877,-0.0438548,,0.0279279,-0.0438548,1.26775
LAPPD,1.27999,1.52404,-0.11,,0.0598276,-0.11,1.2786
LAPPD,1.26939,1.51997,-0.108159,,0.0644907,-0.108159,1.26775
LAPPD,1.26973,1.62656,-0.100093,,-0.0707692,-0.100093,1.26775
LAPPD,1.28449,1.65222,-0.11,,-0.104471,-0.11,1.28023
LAPPD,1.26968,1.51578,0.67903,,0.0698149,0.67903,1.26775
LAPPD,1.26941,1.62188,0.8354,,-0.0648206,0.8354,1.26775
LAPPD,1.26779,1.57786,0.858036,,-0.00895335,0.858036,1.26775
LAPPD,1.2679,1.58596,0.766418,,-0.0192242,0.766418,1.26775
LAPPD,1.27353,1.60377,0.6725,,-0.0419847,0.6725,1.27283
LAPPD,1.26784,1.55948,0.685899,,0.0143445,0.685899,1.26775
LAPPD,1.26828,1.59966,0.67486,,-0.0366041,0.67486,1.26775
LAPPD,1.27073,1.63929,0.722831,,-0.0869739,0.722831,1.26775
LAPPD,1.26987,2.41392,-0.807223,,-0.948238,-0.807223,0.844637
LAPPD,1.26852,2.3214,-0.76172,,-0.865236,-0.76172,0.927639
LAPPD,1.26808,2.37893,-0.813924,,-0.916822,-0.813924,0.876053
LAPPD,1.26869,2.39457,-0.750614,,-0.930855,-0.750614,0.86202
LAPPD,1.26785,2.36858,-0.868223,,-0.907543,-0.868223,0.885332
LAPPD,1.2707,2.42428,-0.844199,,-0.957569,-0.844199,0.835306
LAPPD,1.2708,2.42543,-0.76015,,-0.958606,-0.76015,0.834269
LAPPD,1.2702,2.41831,-0.78906,,-0.95219,-0.78906,0.840685
LAPPD,1.27103,2.42798,-0.69944,,-0.960896,-0.69944,0.831979
LAPPD,1.27083,2.42576,-0.744361,,-0.958899,-0.744361,0.833976
LAPPD,1.27091,2.42663,-0.710613,,-0.959686,-0.710613,0.833189
LAPPD,1.27058,2.42296,-0.707109,,-0.956375,-0.707109,0.836501
LAPPD,1.27033,2.41989,-0.732066,,-0.953616,-0.732066,0.839259
LAPPD,1.26825,2.38423,-0.869483,,-0.921578,-0.869483,0.871298
LAPPD,1.26829,2.38537,-0.824882,,-0.922597,-0.824882,0.870279
LAPPD,1.26837,2.38747,-0.826859,,-0.924481,-0.826859,0.868395
LAPPD,1.2687,2.39474,-0.718596,,-0.931008,-0.718596,0.861868
LAPPD,1.26842,2.38862,-0.814021,,-0.925515,-0.814021,0.86736
LAPPD,1.26869,2.39455,-0.72868,,-0.930835,-0.72868,0.862041
LAPPD,1.2687,2.3948,-0.699429,,-0.93106,-0.699429,0.861815
LAPPD,1.26797,2.37457,-0.841708,,-0.912912,-0.841708,0.879964
LAPPD,1.26812,2.38015,-0.82554,,-0.917912,-0.82554,0.874963
LAPPD,1.26817,2.38185,-0.738958,,-0.919439,-0.738958,0.873437
LAPPD,1.26786,2.36928,-0.829804,,-0.908165,-0.829804,0.88471
LAPPD,1.26803,2.37705,-0.785023,,-0.915136,-0.785023,0.877739
LAPPD,1.26813,2.38044,-0.767577,,-0.918179,-0.767577,0.874697
LAPPD,1.26802,2.37668,-0.759712,,-0.914805,-0.759712,0.87807
LAPPD,1.26816,2.38157,-0.75073,,-0.919187,-0.75073,0.873688
LAPPD,1.26818,2.38212,-0.697353,,-0.919686,-0.697353,0.873189
LAPPD,1.26776,2.35423,-0.839638,,-0.894677,-0.839638,0.898199
LAPPD,1.26788,2.37032,-0.720976,,-0.909105,-0.720976,0.88377
LAPPD,1.26776,2.35948,-0.801863,,-0.899387,-0.801863,0.893488
LAPPD,1.268,2.33645,-0.867675,,-0.878738,-0.867675,0.914138
LAPPD,1.26775,2.35669,-0.787214,,-0.896878,-0.787214,0.895998
LAPPD,1.26779,2.34876,-0.784717,,-0.889775,-0.784717,0.9031
LAPPD,1.26776,2.35479,-0.72323,,-0.895176,-0.72323,0.8977
LAPPD,1.26776,2.35212,-0.787533,,-0.892786,-0.787533,0.90009
LAPPD,1.26829,2.32709,-0.878257,,-0.870339,-0.878257,0.922537
LAPPD,1.26784,2.3443,-0.723191,,-0.885777,-0.723191,0.907098
LAPPD,1.26785,2.34422,-0.759128,,-0.885699,-0.759128,0.907176
LAPPD,1.26805,2.33456,-0.768286,,-0.877042,-0.768286,0.915833
LAPPD,1.26793,2.33964,-0.753239,,-0.881596,-0.753239,0.911279
LAPPD,1.26852,2.32138,-0.836096,,-0.86522,-0.836096,0.927655
LAPPD,1.26908,2.31043,-0.797848,,-0.855386,-0.797848,0.937489
LAPPD,1.27015,2.2948,-0.827417,,-0.841331,-0.827417,0.951545
LAPPD,1.26988,2.29835,-0.821556,,-0.844522,-0.821556,0.948353
LAPPD,1.26908,2.3104,-0.699735,,-0.855361,-0.699735,0.937514
LAPPD,1.27155,2.27893,-0.867515,,-0.827034,-0.867515,0.965841
LAPPD,1.26983,2.29901,-0.700039,,-0.845122,-0.700039,0.947754
LAPPD,1.27134,2.28112,-0.831777,,-0.829007,-0.831777,0.963868
LAPPD,1.2704,2.29162,-0.700507,,-0.838472,-0.700507,0.954403
LAPPD,1.2708,2.28692,-0.758199,,-0.834242,-0.758199,0.958634
LAPPD,1.27145,2.27991,-0.776643,,-0.827923,-0.776643,0.964953
LAPPD,1.27132,2.28127,-0.719891,,-0.829146,-0.719891,0.96373
LAPPD,1.26787,2.36954,-0.706427,,-0.9084,-0.706427,0.884476
LAPPD,1.27151,2.27928,-0.690679,,-0.827355,-0.690679,0.96552
LAPPD,1.26776,2.36023,-0.720472,,-0.900054,-0.720472,0.892822
LAPPD,1.27166,2.43458,0.0915511,,-0.966849,0.0915511,0.826026
LAPPD,1.27141,2.4321,0.0981476,,-0.96461,0.0981476,0.828266
LAPPD,1.26985,2.41372,-0.108084,,-0.948059,-0.108084,0.844816
LAPPD,1.26812,2.38032,0.0635492,,-0.918071,0.0635492,0.874804
LAPPD,1.26785,2.34419,0.0913733,,-0.885673,0.0913733,0.907202
LAPPD,1.26806,2.37806,0.0555938,,-0.916044,0.0555938,0.876832
LAPPD,1.27024,2.41882,-0.0328733,,-0.952648,-0.0328733,0.840227
LAPPD,1.2685,2.3906,0.000354708,,-0.927288,0.000354708,0.865587
LAPPD,1.2679,2.37145,0.0115355,,-0.910114,0.0115355,0.882762
LAPPD,1.26808,2.37883,0.0106688,,-0.916735,0.0106688,0.876141
LAPPD,1.26925,2.40479,-0.0560379,,-0.940034,-0.0560379,0.852841
LAPPD,1.26797,2.33768,0.0368127,,-0.879836,0.0368127,0.91304
LAPPD,1.26775,2.35598,-0.0104701,,-0.896242,-0.0104701,0.896633
LAPPD,1.26971,2.30067,0.0836621,,-0.846612,0.0836621,0.946263
LAPPD,1.2678,2.34806,0.0150962,,-0.889144,0.0150962,0.903732
LAPPD,1.26781,2.36532,-0.0788462,,-0.904615,-0.0788462,0.88826
LAPPD,1.2709,2.28584,0.0203007,,-0.833265,0.0203007,0.95961
LAPPD,1.2678,2.3478,-0.0918081,,-0.888916,-0.0918081,0.90396
LAPPD,1.26984,2.29887,-0.0129248,,-0.84499,-0.0129248,0.947885
LAPPD,1.27066,2.28854,0.0192148,,-0.835701,0.0192148,0.957175
LAPPD,1.26787,2.34295,-0.0765825,,-0.884568,-0.0765825,0.908307
LAPPD,1.26777,2.35094,-0.085822,,-0.891728,-0.085822,0.901147
LAPPD,1.2701,2.29538,-0.047968,,-0.841851,-0.047968,0.951024
LAPPD,1.27012,2.29513,-0.0368657,,-0.841631,-0.0368657,0.951244
LAPPD,1.29108,2.26967,-0.00643943,,-0.830623,-0.00643943,0.988403
LAPPD,1.26776,2.35436,-0.0012689,,-0.894792,-0.0012689,0.898083
LAPPD,1.27391,2.28955,-0.11,,-0.838805,-0.11,0.958776
LAPPD,1.26776,2.35944,-0.0652358,,-0.899344,-0.0652358,0.893531
LAPPD,1.26818,2.33031,0.863509,,-0.873229,0.863509,0.919646
LAPPD,1.26936,2.30583,0.878576,,-0.851253,0.878576,0.941622
LAPPD,1.26839,2.32454,0.877557,,-0.868055,0.877557,0.92482
LAPPD,1.28201,2.41007,0.6725,,-0.954015,0.6725,0.856383
LAPPD,1.26837,2.38738,0.701685,,-0.924403,0.701685,0.868472
LAPPD,1.26976,2.29995,0.716348,,-0.845964,0.716348,0.946912
LAPPD,1.26968,2.4113,0.674436,,-0.94589,0.674436,0.846986
LAPPD,1.27247,-3.05549,-0.778183,,-1.26775,-0.778183,-0.109424
LAPPD,1.27172,-3.06259,-0.79565,,-1.26775,-0.79565,-0.100371
LAPPD,1.26793,-3.12474,-0.831896,,-1.26775,-0.831896,-0.0213627
LAPPD,1.26783,3.13077,-0.814293,,-1.26775,-0.814293,0.0137246
LAPPD,1.26784,3.12998,-0.81709,,-1.26775,-0.81709,0.0147253
LAPPD,1.26885,3.10005,-0.877346,,-1.26775,-0.877346,0.0527006
LAPPD,1.2701,3.08077,-0.85858,,-1.26775,-0.85858,0.0772076
LAPPD,1.2697,3.08628,-0.865106,,-1.26775,-0.865106,0.0701897
LAPPD,1.27137,3.06618,-0.723875,,-1.26775,-0.723875,0.0957801
LAPPD,1.27209,3.05898,-0.0374596,,-1.26775,-0.0374596,0.104968
LAPPD,1.26776,3.13992,0.10661,,-1.26775,0.10661,0.00211553
LAPPD,1.27064,3.07417,0.00282141,,-1.26775,0.00282141,0.085603
LAPPD,1.27095,-3.07063,0.784919,,-1.26775,0.784919,-0.090112
LAPPD,1.26777,3.13695,0.798493,,-1.26775,0.798493,0.00588692
LAPPD,1.2684,-2.32432,-0.821157,,-0.867851,-0.821157,-0.925024
LAPPD,1.26791,-2.34069,0.0874463,,-0.882539,0.0874463,-0.910337
LAPPD,1.27015,-2.41757,-0.107567,,-0.951523,-0.107567,-0.841352
LAPPD,1.2721,-2.43891,0.778697,,-0.970756,0.778697,-0.82212
LAPPD,1.26941,-2.30507,0.875173,,-0.850571,0.875173,-0.942305
LAPPD,1.26793,-2.33977,0.807997,,-0.881717,0.807997,-0.911158
LAPPD,1.2705,-2.42199,0.712696,,-0.955509,0.712696,-0.837367
,,,,,,,
,,,,,,,
,,,,,,,
PMT,1.09972,-1.32776,-0.681467,1,0.264648,-0.681467,-1.0674
PMT,1.09972,-1.32776,-0.2537,,0.264648,-0.2537,-1.0674
PMT,1.09972,-1.32776,0.174067,,0.264648,0.174067,-1.0674
PMT,1.19881,-1.04089,-1.10923,,0.605947,-1.10923,-1.0344
PMT,1.09972,-1.02843,0.174067,,0.567633,0.174067,-0.941902
PMT,1.19881,-0.52991,-1.10923,,1.0344,-1.10923,-0.605947
PMT,1.09972,-0.542363,0.174067,,0.941901,0.174067,-0.567633
PMT,1.19881,-0.255488,-1.10923,,1.1599,-1.10923,-0.302961
PMT,1.19881,-0.255488,-0.2537,,1.1599,-0.2537,-0.302961
PMT,1.19881,-0.255488,1.0296,,1.1599,1.0296,-0.302961
PMT,1.19881,0.52991,-1.10923,,1.0344,-1.10923,0.605947
PMT,1.09972,0.542363,-0.681467,,0.941901,-0.681467,0.567633
PMT,1.19881,0.52991,-0.2537,,1.0344,-0.2537,0.605947
PMT,1.09972,0.542363,0.174067,,0.941901,0.174067,0.567633
PMT,1.09972,0.542363,0.601833,,0.941901,0.601833,0.567633
PMT,1.19881,0.52991,1.0296,,1.0344,1.0296,0.605947
PMT,1.19881,1.04089,-1.10923,,0.605947,-1.10923,1.0344
PMT,1.19881,1.04089,-0.681467,,0.605947,-0.681467,1.0344
PMT,1.09972,1.02843,-0.2537,,0.567633,-0.2537,0.941902
PMT,1.09972,1.02843,0.174067,,0.567633,0.174067,0.941902
PMT,1.09972,1.32776,-0.681467,,0.264648,-0.681467,1.0674
PMT,1.09972,1.32776,-0.2537,,0.264648,-0.2537,1.0674
PMT,1.09972,1.32776,0.174067,,0.264648,0.174067,1.0674
PMT,1.19881,1.82628,-1.10923,,-0.302961,-1.10923,1.1599
PMT,1.09972,1.81383,-0.2537,,-0.264648,-0.2537,1.0674
PMT,1.09972,1.81383,0.174067,,-0.264648,0.174067,1.0674
PMT,1.19881,2.10071,-1.10923,,-0.605947,-1.10923,1.0344
PMT,1.09972,2.11316,-0.2537,,-0.567633,-0.2537,0.941902
PMT,1.09972,2.11316,0.174067,,-0.567633,0.174067,0.941902
PMT,1.09972,2.11316,0.601833,,-0.567633,0.601833,0.941902
PMT,1.09972,2.59923,-0.681467,,-0.941901,-0.681467,0.567633
PMT,1.09972,2.59923,-0.2537,,-0.941901,-0.2537,0.567633
PMT,1.09972,2.59923,0.174067,,-0.941901,0.174067,0.567633
PMT,1.09972,2.59923,0.601833,,-0.941901,0.601833,0.567633
PMT,1.09972,2.89856,-0.681467,,-1.0674,-0.681467,0.264648
PMT,1.19881,2.8861,-0.2537,,-1.1599,-0.2537,0.302961
PMT,1.09972,2.89856,0.174067,,-1.0674,0.174067,0.264648
PMT,1.09972,2.89856,0.601833,,-1.0674,0.601833,0.264648
PMT,1.09972,-2.89856,-0.2537,,-1.0674,-0.2537,-0.264648
PMT,1.09972,-2.89856,0.174067,,-1.0674,0.174067,-0.264648
PMT,1.09972,-2.11316,0.174067,,-0.567633,0.174067,-0.941902
PMT,1.09972,-1.81383,-0.681467,,-0.264648,-0.681467,-1.0674
PMT,1.19881,-1.82628,-0.2537,,-0.302961,-0.2537,-1.1599
PMT,1.19881,-1.82628,1.0296,,-0.302961,1.0296,-1.1599
PMT,0.85,-0.981748,1.5327,,0.472235,1.5327,-0.706749
PMT,0.85,-2.15984,1.5327,,-0.472235,1.5327,-0.706749
PMT,0.85,2.55254,1.5327,,-0.706749,1.5327,0.472235
PMT,0.85,0.589049,1.5327,,0.706749,1.5327,0.472235
PMT,0.85,0.196349,1.5327,,0.833668,1.5327,0.165827
PMT,0.785877,1.86721,-1.63144,,-0.22955,-1.63144,0.751605
PMT,0.520334,2.02769,-1.63144,,-0.22955,-1.63144,0.466963
PMT,0.293145,-2.47037,-1.63144,,-0.22955,-1.63144,-0.182321
PMT,0.785877,-1.86721,-1.63144,,-0.22955,-1.63144,-0.751605
PMT,0.785877,1.27438,-1.63144,,0.22955,-1.63144,0.751605
PMT,0.520334,1.11391,-1.63144,,0.22955,-1.63144,0.466963
PMT,0.785877,-1.27438,-1.63144,,0.22955,-1.63144,-0.751605
PMT,0.832042,0.595866,-1.63144,,0.68865,-1.63144,0.466963
PMT,1.38673,-1.29662,-0.903534,,0.375462,-0.903534,-1.33493
LAPPD,1.26788,-1.58461,0.713466,,-0.0175084,0.713466,-1.26775
LAPPD,1.26853,-0.750511,0.0516998,,0.927725,0.0516998,-0.865151
LAPPD,1.26914,-0.738662,0.0271666,,0.938365,0.0271666,-0.854511
LAPPD,1.26776,-0.781978,0.797325,,0.899504,0.797325,-0.893372
LAPPD,1.2713,-0.710745,0.820232,,0.963484,0.820232,-0.829391
LAPPD,1.26863,-0.0370954,-0.838867,,1.26775,-0.838867,-0.0470494
LAPPD,1.26801,-0.0199549,0.0784385,,1.26775,0.0784385,-0.0253013
LAPPD,1.2712,0.711803,-0.7785,,0.96253,-0.7785,0.830345
LAPPD,1.27001,0.72578,-0.847688,,0.949945,-0.847688,0.84293
LAPPD,1.26777,0.790563,-0.801046,,0.891808,-0.801046,0.901068
LAPPD,1.26786,0.79819,-0.820834,,0.88497,-0.820834,0.907905
LAPPD,1.26799,0.804812,-0.674662,,0.879032,-0.674662,0.913843
LAPPD,1.26828,0.814203,-0.771391,,0.870609,-0.771391,0.922267
LAPPD,1.27091,0.855912,-0.719888,,0.833122,-0.719888,0.959754
LAPPD,1.27063,0.852722,-0.785491,,0.835995,-0.785491,0.956881
LAPPD,1.27188,0.833289,-0.6725,,0.855272,-0.6725,0.941381
LAPPD,1.26787,1.5572,-0.69779,,0.0172349,-0.69779,1.26775
LAPPD,1.27287,1.66052,-0.855218,,-0.114049,-0.855218,1.26775
LAPPD,1.26915,1.5239,0.0204509,,0.0594921,0.0204509,1.26775
LAPPD,1.27438,1.5391,0.11,,0.0403883,0.11,1.27373
LAPPD,1.27099,1.49944,-0.00516774,,0.0906197,-0.00516774,1.26775
LAPPD,1.27106,1.49862,-0.0101302,,0.0916556,-0.0101302,1.26775
LAPPD,1.27073,1.5023,-0.0604255,,0.0869682,-0.0604255,1.26775
LAPPD,1.26875,1.53119,-0.0426505,,0.0502406,-0.0426505,1.26775
LAPPD,1.27028,1.63393,0.821887,,-0.0801411,0.821887,1.26775
LAPPD,1.26795,1.58843,0.766327,,-0.0223597,0.766327,1.26775
LAPPD,1.26779,1.56323,0.736345,,0.00958897,0.736345,1.26775
LAPPD,1.283,2.44556,-0.78589,,-0.98456,-0.78589,0.822632
LAPPD,1.27011,2.4171,-0.683688,,-0.951101,-0.683688,0.841774
LAPPD,1.26784,2.36783,-0.713356,,-0.906873,-0.713356,0.886002
LAPPD,1.28014,2.35574,0.11,,-0.904784,0.11,0.905604
LAPPD,1.26903,2.31135,0.0802801,,-0.85621,0.0802801,0.936666
LAPPD,1.28138,2.44567,-0.0210337,,-0.983408,-0.0210337,0.821481
LAPPD,1.27199,2.43781,0.0658589,,-0.969767,0.0658589,0.823109
LAPPD,1.27108,2.4286,0.014471,,-0.961454,0.014471,0.831421
LAPPD,1.26843,2.3235,-0.00929518,,-0.867115,-0.00929518,0.925761
LAPPD,1.26824,2.38373,0.0681113,,-0.921132,0.0681113,0.871743
LAPPD,1.26823,2.38367,0.018339,,-0.921073,0.018339,0.871803
LAPPD,1.26871,2.395,0.0235881,,-0.931243,0.0235881,0.861632
LAPPD,1.2678,2.36502,0.105142,,-0.904353,0.105142,0.888523
LAPPD,1.26792,2.37221,0.0714425,,-0.910796,0.0714425,0.882079
LAPPD,1.26784,2.36761,0.00382346,,-0.906672,0.00382346,0.886203
LAPPD,1.26786,2.34311,-0.0476298,,-0.884705,-0.0476298,0.90817
LAPPD,1.27602,2.44605,-0.0271849,,-0.979605,-0.0271849,0.817678
LAPPD,1.26825,2.38405,0.0928108,,-0.921411,0.0928108,0.871465
LAPPD,1.26815,2.33123,0.857534,,-0.874057,0.857534,0.918818
LAPPD,1.26779,2.36397,0.837087,,-0.90341,0.837087,0.889465
LAPPD,1.26795,2.37396,0.853707,,-0.912364,0.853707,0.880511
LAPPD,1.29056,2.43798,0.85391,,-0.984063,0.85391,0.834963
LAPPD,1.2707,2.42433,0.85035,,-0.957616,0.85035,0.835259
LAPPD,1.27126,2.43043,0.819652,,-0.963111,0.819652,0.829764
LAPPD,1.26782,2.34572,0.696773,,-0.887045,0.696773,0.90583
LAPPD,1.28646,2.33787,0.680446,,-0.892848,0.680446,0.926178
LAPPD,1.26923,2.40443,0.71922,,-0.939708,0.71922,0.853168
LAPPD,1.28655,2.37783,0.672856,,-0.929197,0.672856,0.889829
LAPPD,1.26785,2.34391,0.817416,,-0.885429,0.817416,0.907446
LAPPD,1.27062,3.07442,-0.827217,,-1.26775,-0.827217,0.0852805
LAPPD,1.26905,-3.09643,0.0518922,,-1.26775,0.0518922,-0.0572971
LAPPD,1.26893,-3.09846,0.0637294,,-1.26775,0.0637294,-0.0547131
LAPPD,1.26779,3.13397,0.0306736,,-1.26775,0.0306736,0.00966606
LAPPD,1.27519,3.13455,0.11,,-1.27516,0.11,0.00897978
LAPPD,1.27093,3.07085,0.0406368,,-1.26775,0.0406368,0.0898393
LAPPD,1.28876,3.07917,0.102779,,-1.28625,0.102779,0.080392
LAPPD,1.27075,-3.1049,0.8925,,-1.2699,0.8925,-0.0466145
LAPPD,1.26793,-3.12507,0.882872,,-1.26775,0.882872,-0.0209471
LAPPD,1.26951,-3.08895,0.850806,,-1.26775,0.850806,-0.0668037
LAPPD,1.27123,-3.06764,0.817024,,-1.26775,0.817024,-0.0939259
LAPPD,1.27056,-3.07512,0.824907,,-1.26775,0.824907,-0.0843932
LAPPD,1.27087,-3.07161,0.813678,,-1.26775,0.813678,-0.0888643
LAPPD,1.29093,-3.05634,0.706074,,-1.28625,0.706074,-0.109927
LAPPD,1.26914,3.09478,0.868009,,-1.26775,0.868009,0.0593843
LAPPD,1.27227,-3.05732,0.711813,,-1.26775,0.711813,-0.107095
LAPPD,1.27157,-3.06414,0.740807,,-1.26775,0.740807,-0.0983826
LAPPD,1.26787,-3.12817,0.838392,,-1.26775,0.838392,-0.0170123
LAPPD,1.27103,-3.06981,0.760399,,-1.26775,0.760399,-0.0911645
LAPPD,1.27234,-3.05664,0.72416,,-1.26775,0.72416,-0.107962
LAPPD,1.26972,-3.08601,0.795945,,-1.26775,0.795945,-0.0705415
LAPPD,1.27036,-3.0775,0.769469,,-1.26775,0.769469,-0.0813612
LAPPD,1.26989,-3.08353,0.782253,,-1.26775,0.782253,-0.0736954
LAPPD,1.26878,-3.10133,0.805923,,-1.26775,0.805923,-0.0510699
LAPPD,1.26829,-3.11259,0.828726,,-1.26775,0.828726,-0.0367795
LAPPD,1.26914,3.09488,0.852826,,-1.26775,0.852826,0.0592613
LAPPD,1.26822,-3.11442,0.811266,,-1.26775,0.811266,-0.0344571
LAPPD,1.26825,-3.11353,0.873771,,-1.26775,0.873771,-0.03559
LAPPD,1.26852,-3.10684,0.801954,,-1.26775,0.801954,-0.0440739
LAPPD,1.27067,-3.07379,0.740854,,-1.26775,0.740854,-0.086086
LAPPD,1.27052,-3.07556,0.75007,,-1.26775,0.75007,-0.0838412
LAPPD,1.27033,-3.07793,0.746158,,-1.26775,0.746158,-0.080817
LAPPD,1.26843,-3.10903,0.783015,,-1.26775,0.783015,-0.0412952
LAPPD,1.26869,-3.10317,0.773886,,-1.26775,0.773886,-0.0487294
LAPPD,1.26817,-3.11584,0.774505,,-1.26775,0.774505,-0.0326541
LAPPD,1.26782,3.13147,0.815268,,-1.26775,0.815268,0.0128348
LAPPD,1.26896,-3.09796,0.742841,,-1.26775,0.742841,-0.0553529
LAPPD,1.26986,3.08397,0.818204,,-1.26775,0.818204,0.0731373
LAPPD,1.26978,-3.08515,0.691943,,-1.26775,0.691943,-0.0716364
LAPPD,1.26968,-3.08646,0.693082,,-1.26775,0.693082,-0.0699657
LAPPD,1.26857,-3.10572,0.719571,,-1.26775,0.719571,-0.0454991
LAPPD,1.26776,3.14021,0.771545,,-1.26775,0.771545,0.00175391
LAPPD,1.26815,-3.11659,0.721666,,-1.26775,0.721666,-0.0317097
LAPPD,1.26789,-3.12672,0.73275,,-1.26775,0.73275,-0.0188528
LAPPD,1.26893,3.09853,0.782846,,-1.26775,0.782846,0.0546223
LAPPD,1.26808,-3.1188,0.69812,,-1.26775,0.69812,-0.0288964
LAPPD,1.26836,3.11081,0.76057,,-1.26775,0.76057,0.0390372
LAPPD,1.26937,3.09108,0.743342,,-1.26775,0.743342,0.0640873
LAPPD,1.27038,3.07728,0.754814,,-1.26775,0.754814,0.0816396
LAPPD,1.26932,3.09191,0.728807,,-1.26775,0.728807,0.0630395
LAPPD,1.29005,3.0648,0.676053,,-1.28625,0.676053,0.0989635
LAPPD,1.27203,-2.43825,0.724528,,-0.970163,0.724528,-0.822713
,,,,,,,
,,,,,,,
,,,,,,,
